run_data_dir,method,pair_name,role,image_dir,requested_dev,used_cpu,return_code,elapsed_sec,n_images_parsed,mean_image_score,max_image_score,mean_flagged_ratio,mean_confidence,error_summary,stdout_log,stderr_log
data/baseline/0,dct,cover_vs_stego,cover,data/baseline/0/results_raw/dct/cover,0,False,0,765.1810743808746,15,0.045000000000000005,1.6,0.05,0.5044444444444445,,data/baseline/0/aletheia_outputs/logs/dct_cover_vs_stego_cover_stdout.txt,data/baseline/0/aletheia_outputs/logs/dct_cover_vs_stego_cover_stderr.txt
data/baseline/0,dct,cover_vs_stego,stego,data/baseline/0/results_raw/dct/stego,0,False,0,756.9450073242188,15,0.285,1.0,0.3333333333333333,0.5066666666666666,,data/baseline/0/aletheia_outputs/logs/dct_cover_vs_stego_stego_stdout.txt,data/baseline/0/aletheia_outputs/logs/dct_cover_vs_stego_stego_stderr.txt
data/baseline/0,dct,pre_secret_vs_secret,pre_secret,data/baseline/0/results_raw/dct/pre_secret,0,False,0,828.1699254512787,15,0.03666666666666667,0.4,0.11666666666666667,0.5066666666666666,,data/baseline/0/aletheia_outputs/logs/dct_pre_secret_vs_secret_pre_secret_stdout.txt,data/baseline/0/aletheia_outputs/logs/dct_pre_secret_vs_secret_pre_secret_stderr.txt
data/baseline/0,dct,pre_secret_vs_secret,secret,data/baseline/0/results_raw/dct/secret,0,False,0,778.0932016372681,15,1.2816666666666667,12.3,0.23333333333333334,0.5,,data/baseline/0/aletheia_outputs/logs/dct_pre_secret_vs_secret_secret_stdout.txt,data/baseline/0/aletheia_outputs/logs/dct_pre_secret_vs_secret_secret_stderr.txt
data/baseline/0,dwt,cover_vs_stego,cover,data/baseline/0/results_raw/dwt/cover,0,False,0,792.8172228336334,15,0.045000000000000005,1.6,0.05,0.5111111111111111,,data/baseline/0/aletheia_outputs/logs/dwt_cover_vs_stego_cover_stdout.txt,data/baseline/0/aletheia_outputs/logs/dwt_cover_vs_stego_cover_stderr.txt
data/baseline/0,dwt,cover_vs_stego,stego,data/baseline/0/results_raw/dwt/stego,0,False,0,839.1487572193146,15,0.39,1.0,0.5,0.5088888888888888,,data/baseline/0/aletheia_outputs/logs/dwt_cover_vs_stego_stego_stdout.txt,data/baseline/0/aletheia_outputs/logs/dwt_cover_vs_stego_stego_stderr.txt
data/baseline/0,dwt,pre_secret_vs_secret,pre_secret,data/baseline/0/results_raw/dwt/pre_secret,0,False,0,841.6973373889923,15,0.03666666666666667,0.4,0.11666666666666667,0.5066666666666666,,data/baseline/0/aletheia_outputs/logs/dwt_pre_secret_vs_secret_pre_secret_stdout.txt,data/baseline/0/aletheia_outputs/logs/dwt_pre_secret_vs_secret_pre_secret_stderr.txt
data/baseline/0,dwt,pre_secret_vs_secret,secret,data/baseline/0/results_raw/dwt/secret,0,False,0,840.2853720188141,15,0.18333333333333332,1.7,0.25,0.5,,data/baseline/0/aletheia_outputs/logs/dwt_pre_secret_vs_secret_secret_stdout.txt,data/baseline/0/aletheia_outputs/logs/dwt_pre_secret_vs_secret_secret_stderr.txt
data/baseline/0,lsb,cover_vs_stego,cover,data/baseline/0/results_raw/lsb/cover,0,False,0,841.0510234832764,15,0.045000000000000005,1.6,0.05,0.5133333333333333,,data/baseline/0/aletheia_outputs/logs/lsb_cover_vs_stego_cover_stdout.txt,data/baseline/0/aletheia_outputs/logs/lsb_cover_vs_stego_cover_stderr.txt
data/baseline/0,lsb,cover_vs_stego,stego,data/baseline/0/results_raw/lsb/stego,0,False,0,861.5070178508759,15,0.405,1.0,0.45,0.5022222222222222,,data/baseline/0/aletheia_outputs/logs/lsb_cover_vs_stego_stego_stdout.txt,data/baseline/0/aletheia_outputs/logs/lsb_cover_vs_stego_stego_stderr.txt
data/baseline/0,lsb,pre_secret_vs_secret,pre_secret,data/baseline/0/results_raw/lsb/pre_secret,0,False,0,773.4688720703125,15,0.03666666666666667,0.4,0.11666666666666667,0.5066666666666666,,data/baseline/0/aletheia_outputs/logs/lsb_pre_secret_vs_secret_pre_secret_stdout.txt,data/baseline/0/aletheia_outputs/logs/lsb_pre_secret_vs_secret_pre_secret_stderr.txt
data/baseline/0,lsb,pre_secret_vs_secret,secret,data/baseline/0/results_raw/lsb/secret,0,False,0,804.8318405151367,15,0.03666666666666667,0.4,0.11666666666666667,0.5022222222222222,,data/baseline/0/aletheia_outputs/logs/lsb_pre_secret_vs_secret_secret_stdout.txt,data/baseline/0/aletheia_outputs/logs/lsb_pre_secret_vs_secret_secret_stderr.txt
data/baseline/0,original,cover_vs_stego,cover,data/baseline/0/results_raw/original/cover,0,False,0,841.1389286518097,15,0.045000000000000005,1.6,0.05,0.5022222222222222,,data/baseline/0/aletheia_outputs/logs/original_cover_vs_stego_cover_stdout.txt,data/baseline/0/aletheia_outputs/logs/original_cover_vs_stego_cover_stderr.txt
data/baseline/0,original,cover_vs_stego,stego,data/baseline/0/results_raw/original/stego,0,False,0,839.0203142166138,15,0.4033333333333334,1.0,0.45,0.5,,data/baseline/0/aletheia_outputs/logs/original_cover_vs_stego_stego_stdout.txt,data/baseline/0/aletheia_outputs/logs/original_cover_vs_stego_stego_stderr.txt
data/baseline/0,original,pre_secret_vs_secret,pre_secret,data/baseline/0/results_raw/original/pre_secret,0,False,0,837.1006886959076,15,0.03833333333333334,0.5,0.11666666666666667,0.5022222222222222,,data/baseline/0/aletheia_outputs/logs/original_pre_secret_vs_secret_pre_secret_stdout.txt,data/baseline/0/aletheia_outputs/logs/original_pre_secret_vs_secret_pre_secret_stderr.txt
data/baseline/0,original,pre_secret_vs_secret,secret,data/baseline/0/results_raw/original/secret,0,False,0,857.642519235611,15,0.03833333333333334,0.5,0.11666666666666667,0.5088888888888888,,data/baseline/0/aletheia_outputs/logs/original_pre_secret_vs_secret_secret_stdout.txt,data/baseline/0/aletheia_outputs/logs/original_pre_secret_vs_secret_secret_stderr.txt
data/baseline/0,spread_spectrum,cover_vs_stego,cover,data/baseline/0/results_raw/spread_spectrum/cover,0,False,0,839.5419981479645,15,0.045000000000000005,1.6,0.05,0.5111111111111112,,data/baseline/0/aletheia_outputs/logs/spread_spectrum_cover_vs_stego_cover_stdout.txt,data/baseline/0/aletheia_outputs/logs/spread_spectrum_cover_vs_stego_cover_stderr.txt
data/baseline/0,spread_spectrum,cover_vs_stego,stego,data/baseline/0/results_raw/spread_spectrum/stego,0,False,0,821.6245958805084,15,0.22166666666666668,1.3,0.23333333333333334,0.5044444444444445,,data/baseline/0/aletheia_outputs/logs/spread_spectrum_cover_vs_stego_stego_stdout.txt,data/baseline/0/aletheia_outputs/logs/spread_spectrum_cover_vs_stego_stego_stderr.txt
data/baseline/0,spread_spectrum,pre_secret_vs_secret,pre_secret,data/baseline/0/results_raw/spread_spectrum/pre_secret,0,False,0,838.8386676311493,15,0.03666666666666667,0.4,0.11666666666666667,0.5044444444444445,,data/baseline/0/aletheia_outputs/logs/spread_spectrum_pre_secret_vs_secret_pre_secret_stdout.txt,data/baseline/0/aletheia_outputs/logs/spread_spectrum_pre_secret_vs_secret_pre_secret_stderr.txt
data/baseline/0,spread_spectrum,pre_secret_vs_secret,secret,data/baseline/0/results_raw/spread_spectrum/secret,0,False,0,835.607346534729,15,6.413333333333332,32.2,0.25,0.5,,data/baseline/0/aletheia_outputs/logs/spread_spectrum_pre_secret_vs_secret_secret_stdout.txt,data/baseline/0/aletheia_outputs/logs/spread_spectrum_pre_secret_vs_secret_secret_stderr.txt
data/baseline/0,statistical,cover_vs_stego,cover,data/baseline/0/results_raw/statistical/cover,0,False,0,825.4769217967987,15,0.045000000000000005,1.6,0.05,0.5066666666666666,,data/baseline/0/aletheia_outputs/logs/statistical_cover_vs_stego_cover_stdout.txt,data/baseline/0/aletheia_outputs/logs/statistical_cover_vs_stego_cover_stderr.txt
data/baseline/0,statistical,cover_vs_stego,stego,data/baseline/0/results_raw/statistical/stego,0,False,0,827.5551052093506,15,0.4000000000000001,1.0,0.45,0.5088888888888888,,data/baseline/0/aletheia_outputs/logs/statistical_cover_vs_stego_stego_stdout.txt,data/baseline/0/aletheia_outputs/logs/statistical_cover_vs_stego_stego_stderr.txt
data/baseline/0,statistical,pre_secret_vs_secret,pre_secret,data/baseline/0/results_raw/statistical/pre_secret,0,False,0,838.5767245292664,15,0.03666666666666667,0.4,0.11666666666666667,0.5066666666666666,,data/baseline/0/aletheia_outputs/logs/statistical_pre_secret_vs_secret_pre_secret_stdout.txt,data/baseline/0/aletheia_outputs/logs/statistical_pre_secret_vs_secret_pre_secret_stderr.txt
data/baseline/0,statistical,pre_secret_vs_secret,secret,data/baseline/0/results_raw/statistical/secret,0,False,0,837.4050674438477,15,0.09499999999999999,0.6,0.21666666666666667,0.5,,data/baseline/0/aletheia_outputs/logs/statistical_pre_secret_vs_secret_secret_stdout.txt,data/baseline/0/aletheia_outputs/logs/statistical_pre_secret_vs_secret_secret_stderr.txt
data/baseline/1,dct,cover_vs_stego,cover,data/baseline/1/results_raw/dct/cover,0,False,0,824.7458953857422,15,0.045000000000000005,1.6,0.05,0.5111111111111112,,data/baseline/1/aletheia_outputs/logs/dct_cover_vs_stego_cover_stdout.txt,data/baseline/1/aletheia_outputs/logs/dct_cover_vs_stego_cover_stderr.txt
data/baseline/1,dct,cover_vs_stego,stego,data/baseline/1/results_raw/dct/stego,0,False,0,841.3185000419617,15,0.23666666666666666,1.0,0.25,0.5044444444444445,,data/baseline/1/aletheia_outputs/logs/dct_cover_vs_stego_stego_stdout.txt,data/baseline/1/aletheia_outputs/logs/dct_cover_vs_stego_stego_stderr.txt
data/baseline/1,dct,pre_secret_vs_secret,pre_secret,data/baseline/1/results_raw/dct/pre_secret,0,False,0,839.5239794254303,15,0.03833333333333334,0.5,0.11666666666666667,0.5066666666666666,,data/baseline/1/aletheia_outputs/logs/dct_pre_secret_vs_secret_pre_secret_stdout.txt,data/baseline/1/aletheia_outputs/logs/dct_pre_secret_vs_secret_pre_secret_stderr.txt
data/baseline/1,dct,pre_secret_vs_secret,secret,data/baseline/1/results_raw/dct/secret,0,False,0,831.4225165843964,15,1.4016666666666666,12.9,0.23333333333333334,0.5,,data/baseline/1/aletheia_outputs/logs/dct_pre_secret_vs_secret_secret_stdout.txt,data/baseline/1/aletheia_outputs/logs/dct_pre_secret_vs_secret_secret_stderr.txt
data/baseline/1,dwt,cover_vs_stego,cover,data/baseline/1/results_raw/dwt/cover,0,False,0,836.6554052829742,15,0.045000000000000005,1.6,0.05,0.5044444444444445,,data/baseline/1/aletheia_outputs/logs/dwt_cover_vs_stego_cover_stdout.txt,data/baseline/1/aletheia_outputs/logs/dwt_cover_vs_stego_cover_stderr.txt
data/baseline/1,dwt,cover_vs_stego,stego,data/baseline/1/results_raw/dwt/stego,0,False,0,840.1597163677216,15,0.35000000000000003,1.0,0.4166666666666667,0.5088888888888888,,data/baseline/1/aletheia_outputs/logs/dwt_cover_vs_stego_stego_stdout.txt,data/baseline/1/aletheia_outputs/logs/dwt_cover_vs_stego_stego_stderr.txt
data/baseline/1,dwt,pre_secret_vs_secret,pre_secret,data/baseline/1/results_raw/dwt/pre_secret,0,False,0,835.3975596427917,15,0.03833333333333334,0.5,0.11666666666666667,0.5066666666666666,,data/baseline/1/aletheia_outputs/logs/dwt_pre_secret_vs_secret_pre_secret_stdout.txt,data/baseline/1/aletheia_outputs/logs/dwt_pre_secret_vs_secret_pre_secret_stderr.txt
data/baseline/1,dwt,pre_secret_vs_secret,secret,data/baseline/1/results_raw/dwt/secret,0,False,0,834.2195463180542,15,0.22,2.4,0.2833333333333333,0.5,,data/baseline/1/aletheia_outputs/logs/dwt_pre_secret_vs_secret_secret_stdout.txt,data/baseline/1/aletheia_outputs/logs/dwt_pre_secret_vs_secret_secret_stderr.txt
data/baseline/1,lsb,cover_vs_stego,cover,data/baseline/1/results_raw/lsb/cover,0,False,0,840.572459936142,15,0.045000000000000005,1.6,0.05,0.508888888888889,,data/baseline/1/aletheia_outputs/logs/lsb_cover_vs_stego_cover_stdout.txt,data/baseline/1/aletheia_outputs/logs/lsb_cover_vs_stego_cover_stderr.txt
data/baseline/1,lsb,cover_vs_stego,stego,data/baseline/1/results_raw/lsb/stego,0,False,0,828.7131202220917,15,0.30833333333333335,1.0,0.38333333333333336,0.5155555555555555,,data/baseline/1/aletheia_outputs/logs/lsb_cover_vs_stego_stego_stdout.txt,data/baseline/1/aletheia_outputs/logs/lsb_cover_vs_stego_stego_stderr.txt
data/baseline/1,lsb,pre_secret_vs_secret,pre_secret,data/baseline/1/results_raw/lsb/pre_secret,0,False,0,832.2042889595032,15,0.03833333333333334,0.5,0.11666666666666667,0.5177777777777778,,data/baseline/1/aletheia_outputs/logs/lsb_pre_secret_vs_secret_pre_secret_stdout.txt,data/baseline/1/aletheia_outputs/logs/lsb_pre_secret_vs_secret_pre_secret_stderr.txt
data/baseline/1,lsb,pre_secret_vs_secret,secret,data/baseline/1/results_raw/lsb/secret,0,False,0,840.6847455501556,15,0.03833333333333334,0.5,0.11666666666666667,0.5133333333333333,,data/baseline/1/aletheia_outputs/logs/lsb_pre_secret_vs_secret_secret_stdout.txt,data/baseline/1/aletheia_outputs/logs/lsb_pre_secret_vs_secret_secret_stderr.txt
data/baseline/1,original,cover_vs_stego,cover,data/baseline/1/results_raw/original/cover,0,False,0,830.2517774105072,15,0.045000000000000005,1.6,0.05,0.508888888888889,,data/baseline/1/aletheia_outputs/logs/original_cover_vs_stego_cover_stdout.txt,data/baseline/1/aletheia_outputs/logs/original_cover_vs_stego_cover_stderr.txt
data/baseline/1,original,cover_vs_stego,stego,data/baseline/1/results_raw/original/stego,0,False,0,850.0149054527283,15,0.30833333333333335,1.0,0.4166666666666667,0.5155555555555555,,data/baseline/1/aletheia_outputs/logs/original_cover_vs_stego_stego_stdout.txt,data/baseline/1/aletheia_outputs/logs/original_cover_vs_stego_stego_stderr.txt
data/baseline/1,original,pre_secret_vs_secret,pre_secret,data/baseline/1/results_raw/original/pre_secret,0,False,0,838.9722473621368,15,0.03833333333333334,0.5,0.11666666666666667,0.5155555555555555,,data/baseline/1/aletheia_outputs/logs/original_pre_secret_vs_secret_pre_secret_stdout.txt,data/baseline/1/aletheia_outputs/logs/original_pre_secret_vs_secret_pre_secret_stderr.txt
data/baseline/1,original,pre_secret_vs_secret,secret,data/baseline/1/results_raw/original/secret,0,False,0,838.9240779876709,15,0.03833333333333334,0.5,0.11666666666666667,0.5111111111111112,,data/baseline/1/aletheia_outputs/logs/original_pre_secret_vs_secret_secret_stdout.txt,data/baseline/1/aletheia_outputs/logs/original_pre_secret_vs_secret_secret_stderr.txt
data/baseline/1,spread_spectrum,cover_vs_stego,cover,data/baseline/1/results_raw/spread_spectrum/cover,0,False,0,829.0904500484467,15,0.045000000000000005,1.6,0.05,0.5022222222222222,,data/baseline/1/aletheia_outputs/logs/spread_spectrum_cover_vs_stego_cover_stdout.txt,data/baseline/1/aletheia_outputs/logs/spread_spectrum_cover_vs_stego_cover_stderr.txt
data/baseline/1,spread_spectrum,cover_vs_stego,stego,data/baseline/1/results_raw/spread_spectrum/stego,0,False,0,838.8124248981476,15,0.16999999999999996,1.4,0.23333333333333334,0.5,,data/baseline/1/aletheia_outputs/logs/spread_spectrum_cover_vs_stego_stego_stdout.txt,data/baseline/1/aletheia_outputs/logs/spread_spectrum_cover_vs_stego_stego_stderr.txt
data/baseline/1,spread_spectrum,pre_secret_vs_secret,pre_secret,data/baseline/1/results_raw/spread_spectrum/pre_secret,0,False,0,836.7351160049438,15,0.03833333333333334,0.5,0.11666666666666667,0.5,,data/baseline/1/aletheia_outputs/logs/spread_spectrum_pre_secret_vs_secret_pre_secret_stdout.txt,data/baseline/1/aletheia_outputs/logs/spread_spectrum_pre_secret_vs_secret_pre_secret_stderr.txt
data/baseline/1,spread_spectrum,pre_secret_vs_secret,secret,data/baseline/1/results_raw/spread_spectrum/secret,0,False,0,836.8910315036774,15,6.286666666666666,31.6,0.25,0.5,,data/baseline/1/aletheia_outputs/logs/spread_spectrum_pre_secret_vs_secret_secret_stdout.txt,data/baseline/1/aletheia_outputs/logs/spread_spectrum_pre_secret_vs_secret_secret_stderr.txt
data/baseline/1,statistical,cover_vs_stego,cover,data/baseline/1/results_raw/statistical/cover,0,False,0,831.7625985145569,15,0.045000000000000005,1.6,0.05,0.5066666666666666,,data/baseline/1/aletheia_outputs/logs/statistical_cover_vs_stego_cover_stdout.txt,data/baseline/1/aletheia_outputs/logs/statistical_cover_vs_stego_cover_stderr.txt
data/baseline/1,statistical,cover_vs_stego,stego,data/baseline/1/results_raw/statistical/stego,0,False,0,837.212651014328,15,0.375,1.0,0.48333333333333334,0.5111111111111111,,data/baseline/1/aletheia_outputs/logs/statistical_cover_vs_stego_stego_stdout.txt,data/baseline/1/aletheia_outputs/logs/statistical_cover_vs_stego_stego_stderr.txt
data/baseline/1,statistical,pre_secret_vs_secret,pre_secret,data/baseline/1/results_raw/statistical/pre_secret,0,False,0,848.922770023346,15,0.03833333333333334,0.5,0.11666666666666667,0.5044444444444445,,data/baseline/1/aletheia_outputs/logs/statistical_pre_secret_vs_secret_pre_secret_stdout.txt,data/baseline/1/aletheia_outputs/logs/statistical_pre_secret_vs_secret_pre_secret_stderr.txt
data/baseline/1,statistical,pre_secret_vs_secret,secret,data/baseline/1/results_raw/statistical/secret,0,False,0,838.2200286388397,15,0.11833333333333335,0.9,0.23333333333333334,0.5,,data/baseline/1/aletheia_outputs/logs/statistical_pre_secret_vs_secret_secret_stdout.txt,data/baseline/1/aletheia_outputs/logs/statistical_pre_secret_vs_secret_secret_stderr.txt
data/baseline/2,dct,cover_vs_stego,cover,data/baseline/2/results_raw/dct/cover,0,False,0,837.3526930809021,15,0.045000000000000005,1.6,0.05,0.5044444444444445,,data/baseline/2/aletheia_outputs/logs/dct_cover_vs_stego_cover_stdout.txt,data/baseline/2/aletheia_outputs/logs/dct_cover_vs_stego_cover_stderr.txt
data/baseline/2,dct,cover_vs_stego,stego,data/baseline/2/results_raw/dct/stego,0,False,0,837.5351021289825,15,0.26333333333333336,1.0,0.3333333333333333,0.5066666666666666,,data/baseline/2/aletheia_outputs/logs/dct_cover_vs_stego_stego_stdout.txt,data/baseline/2/aletheia_outputs/logs/dct_cover_vs_stego_stego_stderr.txt
data/baseline/2,dct,pre_secret_vs_secret,pre_secret,data/baseline/2/results_raw/dct/pre_secret,0,False,0,839.5733156204224,15,0.036666666666666674,0.5,0.11666666666666667,0.5111111111111111,,data/baseline/2/aletheia_outputs/logs/dct_pre_secret_vs_secret_pre_secret_stdout.txt,data/baseline/2/aletheia_outputs/logs/dct_pre_secret_vs_secret_pre_secret_stderr.txt
data/baseline/2,dct,pre_secret_vs_secret,secret,data/baseline/2/results_raw/dct/secret,0,False,0,833.7514848709106,15,1.2416666666666667,11.7,0.25,0.5,,data/baseline/2/aletheia_outputs/logs/dct_pre_secret_vs_secret_secret_stdout.txt,data/baseline/2/aletheia_outputs/logs/dct_pre_secret_vs_secret_secret_stderr.txt
data/baseline/2,dwt,cover_vs_stego,cover,data/baseline/2/results_raw/dwt/cover,0,False,0,850.1403794288635,15,0.045000000000000005,1.6,0.05,0.5044444444444445,,data/baseline/2/aletheia_outputs/logs/dwt_cover_vs_stego_cover_stdout.txt,data/baseline/2/aletheia_outputs/logs/dwt_cover_vs_stego_cover_stderr.txt
data/baseline/2,dwt,cover_vs_stego,stego,data/baseline/2/results_raw/dwt/stego,0,False,0,835.2727656364441,15,0.3316666666666667,1.0,0.35,0.5066666666666666,,data/baseline/2/aletheia_outputs/logs/dwt_cover_vs_stego_stego_stdout.txt,data/baseline/2/aletheia_outputs/logs/dwt_cover_vs_stego_stego_stderr.txt
data/baseline/2,dwt,pre_secret_vs_secret,pre_secret,data/baseline/2/results_raw/dwt/pre_secret,0,False,0,837.6098926067352,15,0.036666666666666674,0.5,0.11666666666666667,0.5044444444444445,,data/baseline/2/aletheia_outputs/logs/dwt_pre_secret_vs_secret_pre_secret_stdout.txt,data/baseline/2/aletheia_outputs/logs/dwt_pre_secret_vs_secret_pre_secret_stderr.txt
data/baseline/2,dwt,pre_secret_vs_secret,secret,data/baseline/2/results_raw/dwt/secret,0,False,0,845.9356472492218,15,0.18333333333333332,1.9,0.21666666666666667,0.5,,data/baseline/2/aletheia_outputs/logs/dwt_pre_secret_vs_secret_secret_stdout.txt,data/baseline/2/aletheia_outputs/logs/dwt_pre_secret_vs_secret_secret_stderr.txt
data/baseline/2,lsb,cover_vs_stego,cover,data/baseline/2/results_raw/lsb/cover,0,False,0,841.6133549213409,15,0.045000000000000005,1.6,0.05,0.5022222222222222,,data/baseline/2/aletheia_outputs/logs/lsb_cover_vs_stego_cover_stdout.txt,data/baseline/2/aletheia_outputs/logs/lsb_cover_vs_stego_cover_stderr.txt
data/baseline/2,lsb,cover_vs_stego,stego,data/baseline/2/results_raw/lsb/stego,0,False,0,841.3414168357849,15,0.295,1.0,0.3333333333333333,0.5244444444444444,,data/baseline/2/aletheia_outputs/logs/lsb_cover_vs_stego_stego_stdout.txt,data/baseline/2/aletheia_outputs/logs/lsb_cover_vs_stego_stego_stderr.txt
data/baseline/2,lsb,pre_secret_vs_secret,pre_secret,data/baseline/2/results_raw/lsb/pre_secret,0,False,0,856.0621728897095,15,0.036666666666666674,0.5,0.11666666666666667,0.5066666666666666,,data/baseline/2/aletheia_outputs/logs/lsb_pre_secret_vs_secret_pre_secret_stdout.txt,data/baseline/2/aletheia_outputs/logs/lsb_pre_secret_vs_secret_pre_secret_stderr.txt
data/baseline/2,lsb,pre_secret_vs_secret,secret,data/baseline/2/results_raw/lsb/secret,0,False,0,837.1434926986694,15,0.036666666666666674,0.5,0.11666666666666667,0.5044444444444445,,data/baseline/2/aletheia_outputs/logs/lsb_pre_secret_vs_secret_secret_stdout.txt,data/baseline/2/aletheia_outputs/logs/lsb_pre_secret_vs_secret_secret_stderr.txt
data/baseline/2,original,cover_vs_stego,cover,data/baseline/2/results_raw/original/cover,0,False,0,841.2082271575928,15,0.045000000000000005,1.6,0.05,0.5066666666666666,,data/baseline/2/aletheia_outputs/logs/original_cover_vs_stego_cover_stdout.txt,data/baseline/2/aletheia_outputs/logs/original_cover_vs_stego_cover_stderr.txt
data/baseline/2,original,cover_vs_stego,stego,data/baseline/2/results_raw/original/stego,0,False,0,837.0245411396027,15,0.2983333333333334,1.0,0.35,0.5155555555555555,,data/baseline/2/aletheia_outputs/logs/original_cover_vs_stego_stego_stdout.txt,data/baseline/2/aletheia_outputs/logs/original_cover_vs_stego_stego_stderr.txt
data/baseline/2,original,pre_secret_vs_secret,pre_secret,data/baseline/2/results_raw/original/pre_secret,0,False,0,838.1168720722198,15,0.03833333333333334,0.5,0.11666666666666667,0.5066666666666666,,data/baseline/2/aletheia_outputs/logs/original_pre_secret_vs_secret_pre_secret_stdout.txt,data/baseline/2/aletheia_outputs/logs/original_pre_secret_vs_secret_pre_secret_stderr.txt
data/baseline/2,original,pre_secret_vs_secret,secret,data/baseline/2/results_raw/original/secret,0,False,0,828.5916950702667,15,0.03833333333333334,0.5,0.11666666666666667,0.5155555555555555,,data/baseline/2/aletheia_outputs/logs/original_pre_secret_vs_secret_secret_stdout.txt,data/baseline/2/aletheia_outputs/logs/original_pre_secret_vs_secret_secret_stderr.txt
data/baseline/2,spread_spectrum,cover_vs_stego,cover,data/baseline/2/results_raw/spread_spectrum/cover,0,False,0,852.3548069000244,15,0.045000000000000005,1.6,0.05,0.5111111111111112,,data/baseline/2/aletheia_outputs/logs/spread_spectrum_cover_vs_stego_cover_stdout.txt,data/baseline/2/aletheia_outputs/logs/spread_spectrum_cover_vs_stego_cover_stderr.txt
data/baseline/2,spread_spectrum,cover_vs_stego,stego,data/baseline/2/results_raw/spread_spectrum/stego,0,False,0,838.742104768753,15,0.12000000000000002,1.0,0.18333333333333332,0.5022222222222222,,data/baseline/2/aletheia_outputs/logs/spread_spectrum_cover_vs_stego_stego_stdout.txt,data/baseline/2/aletheia_outputs/logs/spread_spectrum_cover_vs_stego_stego_stderr.txt
data/baseline/2,spread_spectrum,pre_secret_vs_secret,pre_secret,data/baseline/2/results_raw/spread_spectrum/pre_secret,0,False,0,838.1321263313293,15,0.036666666666666674,0.5,0.11666666666666667,0.5133333333333333,,data/baseline/2/aletheia_outputs/logs/spread_spectrum_pre_secret_vs_secret_pre_secret_stdout.txt,data/baseline/2/aletheia_outputs/logs/spread_spectrum_pre_secret_vs_secret_pre_secret_stderr.txt
data/baseline/2,spread_spectrum,pre_secret_vs_secret,secret,data/baseline/2/results_raw/spread_spectrum/secret,0,False,0,836.3890235424042,15,5.735000000000001,30.5,0.25,0.5,,data/baseline/2/aletheia_outputs/logs/spread_spectrum_pre_secret_vs_secret_secret_stdout.txt,data/baseline/2/aletheia_outputs/logs/spread_spectrum_pre_secret_vs_secret_secret_stderr.txt
data/baseline/2,statistical,cover_vs_stego,cover,data/baseline/2/results_raw/statistical/cover,0,False,0,840.0591154098511,15,0.045000000000000005,1.6,0.05,0.5066666666666666,,data/baseline/2/aletheia_outputs/logs/statistical_cover_vs_stego_cover_stdout.txt,data/baseline/2/aletheia_outputs/logs/statistical_cover_vs_stego_cover_stderr.txt
data/baseline/2,statistical,cover_vs_stego,stego,data/baseline/2/results_raw/statistical/stego,0,False,0,837.101083278656,15,0.2983333333333334,1.0,0.35,0.5111111111111111,,data/baseline/2/aletheia_outputs/logs/statistical_cover_vs_stego_stego_stdout.txt,data/baseline/2/aletheia_outputs/logs/statistical_cover_vs_stego_stego_stderr.txt
data/baseline/2,statistical,pre_secret_vs_secret,pre_secret,data/baseline/2/results_raw/statistical/pre_secret,0,False,0,843.0080745220184,15,0.036666666666666674,0.5,0.11666666666666667,0.5066666666666666,,data/baseline/2/aletheia_outputs/logs/statistical_pre_secret_vs_secret_pre_secret_stdout.txt,data/baseline/2/aletheia_outputs/logs/statistical_pre_secret_vs_secret_pre_secret_stderr.txt
data/baseline/2,statistical,pre_secret_vs_secret,secret,data/baseline/2/results_raw/statistical/secret,0,False,0,841.8709979057312,15,0.10166666666666667,1.1,0.23333333333333334,0.5,,data/baseline/2/aletheia_outputs/logs/statistical_pre_secret_vs_secret_secret_stdout.txt,data/baseline/2/aletheia_outputs/logs/statistical_pre_secret_vs_secret_secret_stderr.txt
data/baseline/3,dct,cover_vs_stego,cover,data/baseline/3/results_raw/dct/cover,0,False,0,838.4020113945007,15,0.045000000000000005,1.6,0.05,0.5044444444444445,,data/baseline/3/aletheia_outputs/logs/dct_cover_vs_stego_cover_stdout.txt,data/baseline/3/aletheia_outputs/logs/dct_cover_vs_stego_cover_stderr.txt
data/baseline/3,dct,cover_vs_stego,stego,data/baseline/3/results_raw/dct/stego,0,False,0,840.1029295921326,15,0.44333333333333336,1.0,0.5166666666666667,0.5,,data/baseline/3/aletheia_outputs/logs/dct_cover_vs_stego_stego_stdout.txt,data/baseline/3/aletheia_outputs/logs/dct_cover_vs_stego_stego_stderr.txt
data/baseline/3,dct,pre_secret_vs_secret,pre_secret,data/baseline/3/results_raw/dct/pre_secret,0,False,0,838.6557774543762,15,0.03833333333333334,0.5,0.11666666666666667,0.5022222222222222,,data/baseline/3/aletheia_outputs/logs/dct_pre_secret_vs_secret_pre_secret_stdout.txt,data/baseline/3/aletheia_outputs/logs/dct_pre_secret_vs_secret_pre_secret_stderr.txt
data/baseline/3,dct,pre_secret_vs_secret,secret,data/baseline/3/results_raw/dct/secret,0,False,0,841.4901833534241,15,1.2683333333333335,13.0,0.25,0.5,,data/baseline/3/aletheia_outputs/logs/dct_pre_secret_vs_secret_secret_stdout.txt,data/baseline/3/aletheia_outputs/logs/dct_pre_secret_vs_secret_secret_stderr.txt
data/baseline/3,dwt,cover_vs_stego,cover,data/baseline/3/results_raw/dwt/cover,0,False,0,836.6100189685822,15,0.045000000000000005,1.6,0.05,0.508888888888889,,data/baseline/3/aletheia_outputs/logs/dwt_cover_vs_stego_cover_stdout.txt,data/baseline/3/aletheia_outputs/logs/dwt_cover_vs_stego_cover_stderr.txt
data/baseline/3,dwt,cover_vs_stego,stego,data/baseline/3/results_raw/dwt/stego,0,False,0,837.0977337360382,15,0.43333333333333335,1.0,0.5166666666666667,0.5022222222222222,,data/baseline/3/aletheia_outputs/logs/dwt_cover_vs_stego_stego_stdout.txt,data/baseline/3/aletheia_outputs/logs/dwt_cover_vs_stego_stego_stderr.txt
data/baseline/3,dwt,pre_secret_vs_secret,pre_secret,data/baseline/3/results_raw/dwt/pre_secret,0,False,0,843.9515266418457,15,0.03833333333333334,0.5,0.11666666666666667,0.5111111111111112,,data/baseline/3/aletheia_outputs/logs/dwt_pre_secret_vs_secret_pre_secret_stdout.txt,data/baseline/3/aletheia_outputs/logs/dwt_pre_secret_vs_secret_pre_secret_stderr.txt
data/baseline/3,dwt,pre_secret_vs_secret,secret,data/baseline/3/results_raw/dwt/secret,0,False,0,834.7936868667603,15,0.18000000000000002,1.8,0.23333333333333334,0.5,,data/baseline/3/aletheia_outputs/logs/dwt_pre_secret_vs_secret_secret_stdout.txt,data/baseline/3/aletheia_outputs/logs/dwt_pre_secret_vs_secret_secret_stderr.txt
data/baseline/3,lsb,cover_vs_stego,cover,data/baseline/3/results_raw/lsb/cover,0,False,0,836.2058775424957,15,0.045000000000000005,1.6,0.05,0.5044444444444445,,data/baseline/3/aletheia_outputs/logs/lsb_cover_vs_stego_cover_stdout.txt,data/baseline/3/aletheia_outputs/logs/lsb_cover_vs_stego_cover_stderr.txt
data/baseline/3,lsb,cover_vs_stego,stego,data/baseline/3/results_raw/lsb/stego,0,False,0,843.2195856571198,15,0.3700000000000001,1.0,0.4166666666666667,0.5066666666666666,,data/baseline/3/aletheia_outputs/logs/lsb_cover_vs_stego_stego_stdout.txt,data/baseline/3/aletheia_outputs/logs/lsb_cover_vs_stego_stego_stderr.txt
data/baseline/3,lsb,pre_secret_vs_secret,pre_secret,data/baseline/3/results_raw/lsb/pre_secret,0,False,0,840.1924040317535,15,0.03833333333333334,0.5,0.11666666666666667,0.5044444444444445,,data/baseline/3/aletheia_outputs/logs/lsb_pre_secret_vs_secret_pre_secret_stdout.txt,data/baseline/3/aletheia_outputs/logs/lsb_pre_secret_vs_secret_pre_secret_stderr.txt
data/baseline/3,lsb,pre_secret_vs_secret,secret,data/baseline/3/results_raw/lsb/secret,0,False,0,814.2915477752686,15,0.03833333333333334,0.5,0.11666666666666667,0.5111111111111111,,data/baseline/3/aletheia_outputs/logs/lsb_pre_secret_vs_secret_secret_stdout.txt,data/baseline/3/aletheia_outputs/logs/lsb_pre_secret_vs_secret_secret_stderr.txt
data/baseline/3,original,cover_vs_stego,cover,data/baseline/3/results_raw/original/cover,0,False,0,780.7952945232391,15,0.045000000000000005,1.6,0.05,0.5088888888888888,,data/baseline/3/aletheia_outputs/logs/original_cover_vs_stego_cover_stdout.txt,data/baseline/3/aletheia_outputs/logs/original_cover_vs_stego_cover_stderr.txt
data/baseline/3,original,cover_vs_stego,stego,data/baseline/3/results_raw/original/stego,0,False,0,796.9995303153992,15,0.37000000000000005,1.0,0.4166666666666667,0.5133333333333333,,data/baseline/3/aletheia_outputs/logs/original_cover_vs_stego_stego_stdout.txt,data/baseline/3/aletheia_outputs/logs/original_cover_vs_stego_stego_stderr.txt
data/baseline/3,original,pre_secret_vs_secret,pre_secret,data/baseline/3/results_raw/original/pre_secret,0,False,0,781.8628270626068,15,0.03833333333333334,0.5,0.11666666666666667,0.5088888888888888,,data/baseline/3/aletheia_outputs/logs/original_pre_secret_vs_secret_pre_secret_stdout.txt,data/baseline/3/aletheia_outputs/logs/original_pre_secret_vs_secret_pre_secret_stderr.txt
data/baseline/3,original,pre_secret_vs_secret,secret,data/baseline/3/results_raw/original/secret,0,False,0,846.3141689300537,15,0.03833333333333334,0.5,0.11666666666666667,0.5044444444444445,,data/baseline/3/aletheia_outputs/logs/original_pre_secret_vs_secret_secret_stdout.txt,data/baseline/3/aletheia_outputs/logs/original_pre_secret_vs_secret_secret_stderr.txt
data/baseline/3,spread_spectrum,cover_vs_stego,cover,data/baseline/3/results_raw/spread_spectrum/cover,0,False,0,858.0581758022308,15,0.045000000000000005,1.6,0.05,0.5044444444444445,,data/baseline/3/aletheia_outputs/logs/spread_spectrum_cover_vs_stego_cover_stdout.txt,data/baseline/3/aletheia_outputs/logs/spread_spectrum_cover_vs_stego_cover_stderr.txt
data/baseline/3,spread_spectrum,cover_vs_stego,stego,data/baseline/3/results_raw/spread_spectrum/stego,0,False,0,844.6600861549377,15,0.05333333333333334,0.6,0.06666666666666667,0.5,,data/baseline/3/aletheia_outputs/logs/spread_spectrum_cover_vs_stego_stego_stdout.txt,data/baseline/3/aletheia_outputs/logs/spread_spectrum_cover_vs_stego_stego_stderr.txt
data/baseline/3,spread_spectrum,pre_secret_vs_secret,pre_secret,data/baseline/3/results_raw/spread_spectrum/pre_secret,0,False,0,841.2242841720581,15,0.03833333333333334,0.5,0.11666666666666667,0.5044444444444445,,data/baseline/3/aletheia_outputs/logs/spread_spectrum_pre_secret_vs_secret_pre_secret_stdout.txt,data/baseline/3/aletheia_outputs/logs/spread_spectrum_pre_secret_vs_secret_pre_secret_stderr.txt
data/baseline/3,spread_spectrum,pre_secret_vs_secret,secret,data/baseline/3/results_raw/spread_spectrum/secret,0,False,0,844.2774174213409,15,6.016666666666666,28.3,0.25,0.5,,data/baseline/3/aletheia_outputs/logs/spread_spectrum_pre_secret_vs_secret_secret_stdout.txt,data/baseline/3/aletheia_outputs/logs/spread_spectrum_pre_secret_vs_secret_secret_stderr.txt
data/baseline/3,statistical,cover_vs_stego,cover,data/baseline/3/results_raw/statistical/cover,0,False,0,837.6129353046417,15,0.045000000000000005,1.6,0.05,0.5066666666666666,,data/baseline/3/aletheia_outputs/logs/statistical_cover_vs_stego_cover_stdout.txt,data/baseline/3/aletheia_outputs/logs/statistical_cover_vs_stego_cover_stderr.txt
data/baseline/3,statistical,cover_vs_stego,stego,data/baseline/3/results_raw/statistical/stego,0,False,0,837.6227462291718,15,0.39499999999999996,1.0,0.43333333333333335,0.5066666666666666,,data/baseline/3/aletheia_outputs/logs/statistical_cover_vs_stego_stego_stdout.txt,data/baseline/3/aletheia_outputs/logs/statistical_cover_vs_stego_stego_stderr.txt
data/baseline/3,statistical,pre_secret_vs_secret,pre_secret,data/baseline/3/results_raw/statistical/pre_secret,0,False,0,808.2497706413269,15,0.03833333333333334,0.5,0.11666666666666667,0.5022222222222222,,data/baseline/3/aletheia_outputs/logs/statistical_pre_secret_vs_secret_pre_secret_stdout.txt,data/baseline/3/aletheia_outputs/logs/statistical_pre_secret_vs_secret_pre_secret_stderr.txt
data/baseline/3,statistical,pre_secret_vs_secret,secret,data/baseline/3/results_raw/statistical/secret,0,False,0,782.1768572330475,15,0.11166666666666665,2.0,0.2,0.5022222222222222,,data/baseline/3/aletheia_outputs/logs/statistical_pre_secret_vs_secret_secret_stdout.txt,data/baseline/3/aletheia_outputs/logs/statistical_pre_secret_vs_secret_secret_stderr.txt
data/baseline/4,dct,cover_vs_stego,cover,data/baseline/4/results_raw/dct/cover,0,False,0,838.729478597641,15,0.045000000000000005,1.6,0.05,0.5044444444444445,,data/baseline/4/aletheia_outputs/logs/dct_cover_vs_stego_cover_stdout.txt,data/baseline/4/aletheia_outputs/logs/dct_cover_vs_stego_cover_stderr.txt
data/baseline/4,dct,cover_vs_stego,stego,data/baseline/4/results_raw/dct/stego,0,False,0,842.0618946552277,15,0.3483333333333334,1.0,0.4,0.5111111111111111,,data/baseline/4/aletheia_outputs/logs/dct_cover_vs_stego_stego_stdout.txt,data/baseline/4/aletheia_outputs/logs/dct_cover_vs_stego_stego_stderr.txt
data/baseline/4,dct,pre_secret_vs_secret,pre_secret,data/baseline/4/results_raw/dct/pre_secret,0,False,0,841.0517907142639,15,0.035,0.5,0.1,0.5044444444444445,,data/baseline/4/aletheia_outputs/logs/dct_pre_secret_vs_secret_pre_secret_stdout.txt,data/baseline/4/aletheia_outputs/logs/dct_pre_secret_vs_secret_pre_secret_stderr.txt
data/baseline/4,dct,pre_secret_vs_secret,secret,data/baseline/4/results_raw/dct/secret,0,False,0,851.072304725647,15,1.5266666666666666,13.1,0.21666666666666667,0.5,,data/baseline/4/aletheia_outputs/logs/dct_pre_secret_vs_secret_secret_stdout.txt,data/baseline/4/aletheia_outputs/logs/dct_pre_secret_vs_secret_secret_stderr.txt
data/baseline/4,dwt,cover_vs_stego,cover,data/baseline/4/results_raw/dwt/cover,0,False,0,834.6082844734192,15,0.045000000000000005,1.6,0.05,0.5066666666666666,,data/baseline/4/aletheia_outputs/logs/dwt_cover_vs_stego_cover_stdout.txt,data/baseline/4/aletheia_outputs/logs/dwt_cover_vs_stego_cover_stderr.txt
data/baseline/4,dwt,cover_vs_stego,stego,data/baseline/4/results_raw/dwt/stego,0,False,0,833.2005212306976,15,0.36000000000000004,1.0,0.45,0.5088888888888888,,data/baseline/4/aletheia_outputs/logs/dwt_cover_vs_stego_stego_stdout.txt,data/baseline/4/aletheia_outputs/logs/dwt_cover_vs_stego_stego_stderr.txt
data/baseline/4,dwt,pre_secret_vs_secret,pre_secret,data/baseline/4/results_raw/dwt/pre_secret,0,False,0,834.6855289936066,15,0.035,0.5,0.1,0.5044444444444445,,data/baseline/4/aletheia_outputs/logs/dwt_pre_secret_vs_secret_pre_secret_stdout.txt,data/baseline/4/aletheia_outputs/logs/dwt_pre_secret_vs_secret_pre_secret_stderr.txt
data/baseline/4,dwt,pre_secret_vs_secret,secret,data/baseline/4/results_raw/dwt/secret,0,False,0,836.5857131481171,15,0.15833333333333333,1.8,0.2,0.5,,data/baseline/4/aletheia_outputs/logs/dwt_pre_secret_vs_secret_secret_stdout.txt,data/baseline/4/aletheia_outputs/logs/dwt_pre_secret_vs_secret_secret_stderr.txt
data/baseline/4,lsb,cover_vs_stego,cover,data/baseline/4/results_raw/lsb/cover,0,False,0,830.3010084629059,15,0.045000000000000005,1.6,0.05,0.508888888888889,,data/baseline/4/aletheia_outputs/logs/lsb_cover_vs_stego_cover_stdout.txt,data/baseline/4/aletheia_outputs/logs/lsb_cover_vs_stego_cover_stderr.txt
data/baseline/4,lsb,cover_vs_stego,stego,data/baseline/4/results_raw/lsb/stego,0,False,0,841.413094997406,15,0.42500000000000004,1.0,0.5333333333333333,0.5177777777777777,,data/baseline/4/aletheia_outputs/logs/lsb_cover_vs_stego_stego_stdout.txt,data/baseline/4/aletheia_outputs/logs/lsb_cover_vs_stego_stego_stderr.txt
data/baseline/4,lsb,pre_secret_vs_secret,pre_secret,data/baseline/4/results_raw/lsb/pre_secret,0,False,0,844.4107618331909,15,0.035,0.5,0.1,0.5044444444444445,,data/baseline/4/aletheia_outputs/logs/lsb_pre_secret_vs_secret_pre_secret_stdout.txt,data/baseline/4/aletheia_outputs/logs/lsb_pre_secret_vs_secret_pre_secret_stderr.txt
data/baseline/4,lsb,pre_secret_vs_secret,secret,data/baseline/4/results_raw/lsb/secret,0,False,0,844.1478717327118,15,0.035,0.5,0.1,0.5044444444444445,,data/baseline/4/aletheia_outputs/logs/lsb_pre_secret_vs_secret_secret_stdout.txt,data/baseline/4/aletheia_outputs/logs/lsb_pre_secret_vs_secret_secret_stderr.txt
data/baseline/4,original,cover_vs_stego,cover,data/baseline/4/results_raw/original/cover,0,False,0,834.0602617263794,15,0.045000000000000005,1.6,0.05,0.5088888888888888,,data/baseline/4/aletheia_outputs/logs/original_cover_vs_stego_cover_stdout.txt,data/baseline/4/aletheia_outputs/logs/original_cover_vs_stego_cover_stderr.txt
data/baseline/4,original,cover_vs_stego,stego,data/baseline/4/results_raw/original/stego,0,False,0,841.4907050132751,15,0.42,1.0,0.5,0.5044444444444445,,data/baseline/4/aletheia_outputs/logs/original_cover_vs_stego_stego_stdout.txt,data/baseline/4/aletheia_outputs/logs/original_cover_vs_stego_stego_stderr.txt
data/baseline/4,original,pre_secret_vs_secret,pre_secret,data/baseline/4/results_raw/original/pre_secret,0,False,0,833.483847618103,15,0.03833333333333334,0.5,0.11666666666666667,0.5044444444444445,,data/baseline/4/aletheia_outputs/logs/original_pre_secret_vs_secret_pre_secret_stdout.txt,data/baseline/4/aletheia_outputs/logs/original_pre_secret_vs_secret_pre_secret_stderr.txt
data/baseline/4,original,pre_secret_vs_secret,secret,data/baseline/4/results_raw/original/secret,0,False,0,822.570428609848,15,0.03833333333333334,0.5,0.11666666666666667,0.5155555555555555,,data/baseline/4/aletheia_outputs/logs/original_pre_secret_vs_secret_secret_stdout.txt,data/baseline/4/aletheia_outputs/logs/original_pre_secret_vs_secret_secret_stderr.txt
data/baseline/4,spread_spectrum,cover_vs_stego,cover,data/baseline/4/results_raw/spread_spectrum/cover,0,False,0,769.4709944725037,15,0.045000000000000005,1.6,0.05,0.5044444444444445,,data/baseline/4/aletheia_outputs/logs/spread_spectrum_cover_vs_stego_cover_stdout.txt,data/baseline/4/aletheia_outputs/logs/spread_spectrum_cover_vs_stego_cover_stderr.txt
data/baseline/4,spread_spectrum,cover_vs_stego,stego,data/baseline/4/results_raw/spread_spectrum/stego,0,False,0,862.5135219097137,15,0.16000000000000003,1.0,0.18333333333333332,0.5044444444444445,,data/baseline/4/aletheia_outputs/logs/spread_spectrum_cover_vs_stego_stego_stdout.txt,data/baseline/4/aletheia_outputs/logs/spread_spectrum_cover_vs_stego_stego_stderr.txt
data/baseline/4,spread_spectrum,pre_secret_vs_secret,pre_secret,data/baseline/4/results_raw/spread_spectrum/pre_secret,0,False,0,848.6707630157471,15,0.035,0.5,0.1,0.5066666666666666,,data/baseline/4/aletheia_outputs/logs/spread_spectrum_pre_secret_vs_secret_pre_secret_stdout.txt,data/baseline/4/aletheia_outputs/logs/spread_spectrum_pre_secret_vs_secret_pre_secret_stderr.txt
data/baseline/4,spread_spectrum,pre_secret_vs_secret,secret,data/baseline/4/results_raw/spread_spectrum/secret,0,False,0,840.9657979011536,15,6.448333333333333,28.9,0.25,0.5,,data/baseline/4/aletheia_outputs/logs/spread_spectrum_pre_secret_vs_secret_secret_stdout.txt,data/baseline/4/aletheia_outputs/logs/spread_spectrum_pre_secret_vs_secret_secret_stderr.txt
data/baseline/4,statistical,cover_vs_stego,cover,data/baseline/4/results_raw/statistical/cover,0,False,0,840.5377442836761,15,0.045000000000000005,1.6,0.05,0.5111111111111112,,data/baseline/4/aletheia_outputs/logs/statistical_cover_vs_stego_cover_stdout.txt,data/baseline/4/aletheia_outputs/logs/statistical_cover_vs_stego_cover_stderr.txt
data/baseline/4,statistical,cover_vs_stego,stego,data/baseline/4/results_raw/statistical/stego,0,False,0,846.6454339027405,15,0.37333333333333335,1.0,0.48333333333333334,0.5066666666666666,,data/baseline/4/aletheia_outputs/logs/statistical_cover_vs_stego_stego_stdout.txt,data/baseline/4/aletheia_outputs/logs/statistical_cover_vs_stego_stego_stderr.txt
data/baseline/4,statistical,pre_secret_vs_secret,pre_secret,data/baseline/4/results_raw/statistical/pre_secret,0,False,0,845.4476735591888,15,0.035,0.5,0.1,0.5177777777777778,,data/baseline/4/aletheia_outputs/logs/statistical_pre_secret_vs_secret_pre_secret_stdout.txt,data/baseline/4/aletheia_outputs/logs/statistical_pre_secret_vs_secret_pre_secret_stderr.txt
data/baseline/4,statistical,pre_secret_vs_secret,secret,data/baseline/4/results_raw/statistical/secret,0,False,0,788.2595798969269,15,0.1,1.0,0.18333333333333332,0.5,,data/baseline/4/aletheia_outputs/logs/statistical_pre_secret_vs_secret_secret_stdout.txt,data/baseline/4/aletheia_outputs/logs/statistical_pre_secret_vs_secret_secret_stderr.txt
data/baseline/5,dct,cover_vs_stego,cover,data/baseline/5/results_raw/dct/cover,0,False,0,812.3123996257782,15,0.045000000000000005,1.6,0.05,0.5066666666666666,,data/baseline/5/aletheia_outputs/logs/dct_cover_vs_stego_cover_stdout.txt,data/baseline/5/aletheia_outputs/logs/dct_cover_vs_stego_cover_stderr.txt
data/baseline/5,dct,cover_vs_stego,stego,data/baseline/5/results_raw/dct/stego,0,False,0,836.3671455383301,15,0.43333333333333335,1.0,0.5,0.5088888888888888,,data/baseline/5/aletheia_outputs/logs/dct_cover_vs_stego_stego_stdout.txt,data/baseline/5/aletheia_outputs/logs/dct_cover_vs_stego_stego_stderr.txt
data/baseline/5,dct,pre_secret_vs_secret,pre_secret,data/baseline/5/results_raw/dct/pre_secret,0,False,0,850.5516741275787,15,0.035,0.4,0.11666666666666667,0.5044444444444445,,data/baseline/5/aletheia_outputs/logs/dct_pre_secret_vs_secret_pre_secret_stdout.txt,data/baseline/5/aletheia_outputs/logs/dct_pre_secret_vs_secret_pre_secret_stderr.txt
data/baseline/5,dct,pre_secret_vs_secret,secret,data/baseline/5/results_raw/dct/secret,0,False,0,848.6778090000153,15,1.4449999999999998,13.2,0.25,0.5,,data/baseline/5/aletheia_outputs/logs/dct_pre_secret_vs_secret_secret_stdout.txt,data/baseline/5/aletheia_outputs/logs/dct_pre_secret_vs_secret_secret_stderr.txt
data/baseline/5,dwt,cover_vs_stego,cover,data/baseline/5/results_raw/dwt/cover,0,False,0,844.8013112545013,15,0.045000000000000005,1.6,0.05,0.5155555555555555,,data/baseline/5/aletheia_outputs/logs/dwt_cover_vs_stego_cover_stdout.txt,data/baseline/5/aletheia_outputs/logs/dwt_cover_vs_stego_cover_stderr.txt
data/baseline/5,dwt,cover_vs_stego,stego,data/baseline/5/results_raw/dwt/stego,0,False,0,847.0042986869812,15,0.3516666666666666,1.0,0.4166666666666667,0.5111111111111111,,data/baseline/5/aletheia_outputs/logs/dwt_cover_vs_stego_stego_stdout.txt,data/baseline/5/aletheia_outputs/logs/dwt_cover_vs_stego_stego_stderr.txt
data/baseline/5,dwt,pre_secret_vs_secret,pre_secret,data/baseline/5/results_raw/dwt/pre_secret,0,False,0,840.1232323646545,15,0.035,0.4,0.11666666666666667,0.5022222222222222,,data/baseline/5/aletheia_outputs/logs/dwt_pre_secret_vs_secret_pre_secret_stdout.txt,data/baseline/5/aletheia_outputs/logs/dwt_pre_secret_vs_secret_pre_secret_stderr.txt
data/baseline/5,dwt,pre_secret_vs_secret,secret,data/baseline/5/results_raw/dwt/secret,0,False,0,839.9881200790405,15,0.165,1.9,0.23333333333333334,0.5,,data/baseline/5/aletheia_outputs/logs/dwt_pre_secret_vs_secret_secret_stdout.txt,data/baseline/5/aletheia_outputs/logs/dwt_pre_secret_vs_secret_secret_stderr.txt
data/baseline/5,lsb,cover_vs_stego,cover,data/baseline/5/results_raw/lsb/cover,0,False,0,855.3035233020782,15,0.045000000000000005,1.6,0.05,0.5066666666666666,,data/baseline/5/aletheia_outputs/logs/lsb_cover_vs_stego_cover_stdout.txt,data/baseline/5/aletheia_outputs/logs/lsb_cover_vs_stego_cover_stderr.txt
data/baseline/5,lsb,cover_vs_stego,stego,data/baseline/5/results_raw/lsb/stego,0,False,0,839.6963489055634,15,0.3766666666666667,1.0,0.4166666666666667,0.5133333333333333,,data/baseline/5/aletheia_outputs/logs/lsb_cover_vs_stego_stego_stdout.txt,data/baseline/5/aletheia_outputs/logs/lsb_cover_vs_stego_stego_stderr.txt
data/baseline/5,lsb,pre_secret_vs_secret,pre_secret,data/baseline/5/results_raw/lsb/pre_secret,0,False,0,838.5527029037476,15,0.035,0.4,0.11666666666666667,0.5044444444444445,,data/baseline/5/aletheia_outputs/logs/lsb_pre_secret_vs_secret_pre_secret_stdout.txt,data/baseline/5/aletheia_outputs/logs/lsb_pre_secret_vs_secret_pre_secret_stderr.txt
data/baseline/5,lsb,pre_secret_vs_secret,secret,data/baseline/5/results_raw/lsb/secret,0,False,0,843.9519507884979,15,0.035,0.4,0.11666666666666667,0.5066666666666666,,data/baseline/5/aletheia_outputs/logs/lsb_pre_secret_vs_secret_secret_stdout.txt,data/baseline/5/aletheia_outputs/logs/lsb_pre_secret_vs_secret_secret_stderr.txt
data/baseline/5,original,cover_vs_stego,cover,data/baseline/5/results_raw/original/cover,0,False,0,848.7135617733002,15,0.045000000000000005,1.6,0.05,0.5044444444444445,,data/baseline/5/aletheia_outputs/logs/original_cover_vs_stego_cover_stdout.txt,data/baseline/5/aletheia_outputs/logs/original_cover_vs_stego_cover_stderr.txt
data/baseline/5,original,cover_vs_stego,stego,data/baseline/5/results_raw/original/stego,0,False,0,837.0602741241455,15,0.38666666666666666,1.0,0.43333333333333335,0.5155555555555555,,data/baseline/5/aletheia_outputs/logs/original_cover_vs_stego_stego_stdout.txt,data/baseline/5/aletheia_outputs/logs/original_cover_vs_stego_stego_stderr.txt
data/baseline/5,original,pre_secret_vs_secret,pre_secret,data/baseline/5/results_raw/original/pre_secret,0,False,0,845.0355832576752,15,0.03833333333333334,0.5,0.11666666666666667,0.5044444444444445,,data/baseline/5/aletheia_outputs/logs/original_pre_secret_vs_secret_pre_secret_stdout.txt,data/baseline/5/aletheia_outputs/logs/original_pre_secret_vs_secret_pre_secret_stderr.txt
data/baseline/5,original,pre_secret_vs_secret,secret,data/baseline/5/results_raw/original/secret,0,False,0,843.5009100437164,15,0.03833333333333334,0.5,0.11666666666666667,0.5066666666666666,,data/baseline/5/aletheia_outputs/logs/original_pre_secret_vs_secret_secret_stdout.txt,data/baseline/5/aletheia_outputs/logs/original_pre_secret_vs_secret_secret_stderr.txt
data/baseline/5,spread_spectrum,cover_vs_stego,cover,data/baseline/5/results_raw/spread_spectrum/cover,0,False,0,845.2482314109802,15,0.045000000000000005,1.6,0.05,0.5044444444444445,,data/baseline/5/aletheia_outputs/logs/spread_spectrum_cover_vs_stego_cover_stdout.txt,data/baseline/5/aletheia_outputs/logs/spread_spectrum_cover_vs_stego_cover_stderr.txt
data/baseline/5,spread_spectrum,cover_vs_stego,stego,data/baseline/5/results_raw/spread_spectrum/stego,0,False,0,838.1359503269196,15,0.09,0.8,0.13333333333333333,0.5,,data/baseline/5/aletheia_outputs/logs/spread_spectrum_cover_vs_stego_stego_stdout.txt,data/baseline/5/aletheia_outputs/logs/spread_spectrum_cover_vs_stego_stego_stderr.txt
data/baseline/5,spread_spectrum,pre_secret_vs_secret,pre_secret,data/baseline/5/results_raw/spread_spectrum/pre_secret,0,False,0,834.7384178638458,15,0.035,0.4,0.11666666666666667,0.5044444444444445,,data/baseline/5/aletheia_outputs/logs/spread_spectrum_pre_secret_vs_secret_pre_secret_stdout.txt,data/baseline/5/aletheia_outputs/logs/spread_spectrum_pre_secret_vs_secret_pre_secret_stderr.txt
data/baseline/5,spread_spectrum,pre_secret_vs_secret,secret,data/baseline/5/results_raw/spread_spectrum/secret,0,False,0,838.9177100658417,15,6.318333333333333,31.7,0.25,0.5,,data/baseline/5/aletheia_outputs/logs/spread_spectrum_pre_secret_vs_secret_secret_stdout.txt,data/baseline/5/aletheia_outputs/logs/spread_spectrum_pre_secret_vs_secret_secret_stderr.txt
data/baseline/5,statistical,cover_vs_stego,cover,data/baseline/5/results_raw/statistical/cover,0,False,0,842.1146252155304,15,0.045000000000000005,1.6,0.05,0.5066666666666666,,data/baseline/5/aletheia_outputs/logs/statistical_cover_vs_stego_cover_stdout.txt,data/baseline/5/aletheia_outputs/logs/statistical_cover_vs_stego_cover_stderr.txt
data/baseline/5,statistical,cover_vs_stego,stego,data/baseline/5/results_raw/statistical/stego,0,False,0,836.7495577335358,15,0.38333333333333336,1.0,0.4166666666666667,0.5155555555555555,,data/baseline/5/aletheia_outputs/logs/statistical_cover_vs_stego_stego_stdout.txt,data/baseline/5/aletheia_outputs/logs/statistical_cover_vs_stego_stego_stderr.txt
data/baseline/5,statistical,pre_secret_vs_secret,pre_secret,data/baseline/5/results_raw/statistical/pre_secret,0,False,0,851.132485628128,15,0.035,0.4,0.11666666666666667,0.5111111111111112,,data/baseline/5/aletheia_outputs/logs/statistical_pre_secret_vs_secret_pre_secret_stdout.txt,data/baseline/5/aletheia_outputs/logs/statistical_pre_secret_vs_secret_pre_secret_stderr.txt
data/baseline/5,statistical,pre_secret_vs_secret,secret,data/baseline/5/results_raw/statistical/secret,0,False,0,841.7982141971588,15,0.11166666666666666,1.0,0.23333333333333334,0.5022222222222222,,data/baseline/5/aletheia_outputs/logs/statistical_pre_secret_vs_secret_secret_stdout.txt,data/baseline/5/aletheia_outputs/logs/statistical_pre_secret_vs_secret_secret_stderr.txt
data/baseline/6,dct,cover_vs_stego,cover,data/baseline/6/results_raw/dct/cover,0,False,0,833.08718085289,15,0.045000000000000005,1.6,0.05,0.5,,data/baseline/6/aletheia_outputs/logs/dct_cover_vs_stego_cover_stdout.txt,data/baseline/6/aletheia_outputs/logs/dct_cover_vs_stego_cover_stderr.txt
data/baseline/6,dct,cover_vs_stego,stego,data/baseline/6/results_raw/dct/stego,0,False,0,844.3047304153442,15,0.40166666666666667,1.0,0.45,0.5044444444444445,,data/baseline/6/aletheia_outputs/logs/dct_cover_vs_stego_stego_stdout.txt,data/baseline/6/aletheia_outputs/logs/dct_cover_vs_stego_stego_stderr.txt
data/baseline/6,dct,pre_secret_vs_secret,pre_secret,data/baseline/6/results_raw/dct/pre_secret,0,False,0,847.3864221572876,15,0.03833333333333334,0.5,0.11666666666666667,0.5066666666666666,,data/baseline/6/aletheia_outputs/logs/dct_pre_secret_vs_secret_pre_secret_stdout.txt,data/baseline/6/aletheia_outputs/logs/dct_pre_secret_vs_secret_pre_secret_stderr.txt
data/baseline/6,dct,pre_secret_vs_secret,secret,data/baseline/6/results_raw/dct/secret,0,False,0,836.0479834079742,15,1.2866666666666666,12.8,0.21666666666666667,0.5,,data/baseline/6/aletheia_outputs/logs/dct_pre_secret_vs_secret_secret_stdout.txt,data/baseline/6/aletheia_outputs/logs/dct_pre_secret_vs_secret_secret_stderr.txt
data/baseline/6,dwt,cover_vs_stego,cover,data/baseline/6/results_raw/dwt/cover,0,False,0,846.2635667324066,15,0.045000000000000005,1.6,0.05,0.5111111111111112,,data/baseline/6/aletheia_outputs/logs/dwt_cover_vs_stego_cover_stdout.txt,data/baseline/6/aletheia_outputs/logs/dwt_cover_vs_stego_cover_stderr.txt
data/baseline/6,dwt,cover_vs_stego,stego,data/baseline/6/results_raw/dwt/stego,0,False,0,853.5952758789062,15,0.44,1.0,0.5333333333333333,0.5088888888888888,,data/baseline/6/aletheia_outputs/logs/dwt_cover_vs_stego_stego_stdout.txt,data/baseline/6/aletheia_outputs/logs/dwt_cover_vs_stego_stego_stderr.txt
data/baseline/6,dwt,pre_secret_vs_secret,pre_secret,data/baseline/6/results_raw/dwt/pre_secret,0,False,0,854.4168584346771,15,0.03833333333333334,0.5,0.11666666666666667,0.5022222222222222,,data/baseline/6/aletheia_outputs/logs/dwt_pre_secret_vs_secret_pre_secret_stdout.txt,data/baseline/6/aletheia_outputs/logs/dwt_pre_secret_vs_secret_pre_secret_stderr.txt
data/baseline/6,dwt,pre_secret_vs_secret,secret,data/baseline/6/results_raw/dwt/secret,0,False,0,845.148227930069,15,0.145,1.5,0.21666666666666667,0.5,,data/baseline/6/aletheia_outputs/logs/dwt_pre_secret_vs_secret_secret_stdout.txt,data/baseline/6/aletheia_outputs/logs/dwt_pre_secret_vs_secret_secret_stderr.txt
data/baseline/6,lsb,cover_vs_stego,cover,data/baseline/6/results_raw/lsb/cover,0,False,0,856.7396838665009,15,0.045000000000000005,1.6,0.05,0.5044444444444445,,data/baseline/6/aletheia_outputs/logs/lsb_cover_vs_stego_cover_stdout.txt,data/baseline/6/aletheia_outputs/logs/lsb_cover_vs_stego_cover_stderr.txt
data/baseline/6,lsb,cover_vs_stego,stego,data/baseline/6/results_raw/lsb/stego,0,False,0,854.690113067627,15,0.34166666666666673,1.0,0.4,0.5133333333333333,,data/baseline/6/aletheia_outputs/logs/lsb_cover_vs_stego_stego_stdout.txt,data/baseline/6/aletheia_outputs/logs/lsb_cover_vs_stego_stego_stderr.txt
data/baseline/6,lsb,pre_secret_vs_secret,pre_secret,data/baseline/6/results_raw/lsb/pre_secret,0,False,0,844.9165940284729,15,0.03833333333333334,0.5,0.11666666666666667,0.5044444444444445,,data/baseline/6/aletheia_outputs/logs/lsb_pre_secret_vs_secret_pre_secret_stdout.txt,data/baseline/6/aletheia_outputs/logs/lsb_pre_secret_vs_secret_pre_secret_stderr.txt
data/baseline/6,lsb,pre_secret_vs_secret,secret,data/baseline/6/results_raw/lsb/secret,0,False,0,843.9612712860107,15,0.03833333333333334,0.5,0.11666666666666667,0.5066666666666666,,data/baseline/6/aletheia_outputs/logs/lsb_pre_secret_vs_secret_secret_stdout.txt,data/baseline/6/aletheia_outputs/logs/lsb_pre_secret_vs_secret_secret_stderr.txt
data/baseline/6,original,cover_vs_stego,cover,data/baseline/6/results_raw/original/cover,0,False,0,844.3847761154175,15,0.045000000000000005,1.6,0.05,0.5088888888888888,,data/baseline/6/aletheia_outputs/logs/original_cover_vs_stego_cover_stdout.txt,data/baseline/6/aletheia_outputs/logs/original_cover_vs_stego_cover_stderr.txt
data/baseline/6,original,cover_vs_stego,stego,data/baseline/6/results_raw/original/stego,0,False,0,841.5151355266571,15,0.3416666666666666,1.1,0.4,0.5133333333333333,,data/baseline/6/aletheia_outputs/logs/original_cover_vs_stego_stego_stdout.txt,data/baseline/6/aletheia_outputs/logs/original_cover_vs_stego_stego_stderr.txt
data/baseline/6,original,pre_secret_vs_secret,pre_secret,data/baseline/6/results_raw/original/pre_secret,0,False,0,848.8670830726624,15,0.03833333333333334,0.5,0.11666666666666667,0.5,,data/baseline/6/aletheia_outputs/logs/original_pre_secret_vs_secret_pre_secret_stdout.txt,data/baseline/6/aletheia_outputs/logs/original_pre_secret_vs_secret_pre_secret_stderr.txt
data/baseline/6,original,pre_secret_vs_secret,secret,data/baseline/6/results_raw/original/secret,0,False,0,853.5796949863434,15,0.03833333333333334,0.5,0.11666666666666667,0.5044444444444445,,data/baseline/6/aletheia_outputs/logs/original_pre_secret_vs_secret_secret_stdout.txt,data/baseline/6/aletheia_outputs/logs/original_pre_secret_vs_secret_secret_stderr.txt
data/baseline/6,spread_spectrum,cover_vs_stego,cover,data/baseline/6/results_raw/spread_spectrum/cover,0,False,0,831.100991487503,15,0.045000000000000005,1.6,0.05,0.5066666666666666,,data/baseline/6/aletheia_outputs/logs/spread_spectrum_cover_vs_stego_cover_stdout.txt,data/baseline/6/aletheia_outputs/logs/spread_spectrum_cover_vs_stego_cover_stderr.txt
data/baseline/6,spread_spectrum,cover_vs_stego,stego,data/baseline/6/results_raw/spread_spectrum/stego,0,False,0,847.1833763122559,15,0.13333333333333333,0.9,0.15,0.5088888888888888,,data/baseline/6/aletheia_outputs/logs/spread_spectrum_cover_vs_stego_stego_stdout.txt,data/baseline/6/aletheia_outputs/logs/spread_spectrum_cover_vs_stego_stego_stderr.txt
data/baseline/6,spread_spectrum,pre_secret_vs_secret,pre_secret,data/baseline/6/results_raw/spread_spectrum/pre_secret,0,False,0,843.7020308971405,15,0.03833333333333334,0.5,0.11666666666666667,0.5044444444444445,,data/baseline/6/aletheia_outputs/logs/spread_spectrum_pre_secret_vs_secret_pre_secret_stdout.txt,data/baseline/6/aletheia_outputs/logs/spread_spectrum_pre_secret_vs_secret_pre_secret_stderr.txt
data/baseline/6,spread_spectrum,pre_secret_vs_secret,secret,data/baseline/6/results_raw/spread_spectrum/secret,0,False,0,851.1011216640472,15,5.955000000000001,31.2,0.25,0.5,,data/baseline/6/aletheia_outputs/logs/spread_spectrum_pre_secret_vs_secret_secret_stdout.txt,data/baseline/6/aletheia_outputs/logs/spread_spectrum_pre_secret_vs_secret_secret_stderr.txt
data/baseline/6,statistical,cover_vs_stego,cover,data/baseline/6/results_raw/statistical/cover,0,False,0,841.9612357616425,15,0.045000000000000005,1.6,0.05,0.5044444444444445,,data/baseline/6/aletheia_outputs/logs/statistical_cover_vs_stego_cover_stdout.txt,data/baseline/6/aletheia_outputs/logs/statistical_cover_vs_stego_cover_stderr.txt
data/baseline/6,statistical,cover_vs_stego,stego,data/baseline/6/results_raw/statistical/stego,0,False,0,847.8496570587158,15,0.2983333333333333,1.0,0.35,0.5066666666666666,,data/baseline/6/aletheia_outputs/logs/statistical_cover_vs_stego_stego_stdout.txt,data/baseline/6/aletheia_outputs/logs/statistical_cover_vs_stego_stego_stderr.txt
data/baseline/6,statistical,pre_secret_vs_secret,pre_secret,data/baseline/6/results_raw/statistical/pre_secret,0,False,0,838.8877816200256,15,0.03833333333333334,0.5,0.11666666666666667,0.5022222222222222,,data/baseline/6/aletheia_outputs/logs/statistical_pre_secret_vs_secret_pre_secret_stdout.txt,data/baseline/6/aletheia_outputs/logs/statistical_pre_secret_vs_secret_pre_secret_stderr.txt
data/baseline/6,statistical,pre_secret_vs_secret,secret,data/baseline/6/results_raw/statistical/secret,0,False,0,843.5271463394165,15,0.12000000000000002,1.8,0.2,0.5,,data/baseline/6/aletheia_outputs/logs/statistical_pre_secret_vs_secret_secret_stdout.txt,data/baseline/6/aletheia_outputs/logs/statistical_pre_secret_vs_secret_secret_stderr.txt
