method,pair_name,image_name,tool,role_a,role_b,role_a_path,role_b_path,return_code,elapsed_sec,stdout_log,stderr_log
dct,cover_vs_stego,00099.png,print-diffs,cover,stego,data/baseline/2/results_raw/dct/cover/00099.png,data/baseline/2/results_raw/dct/stego/00099.png,0,0.9125256538391113,data/baseline/2/aletheia_outputs/logs/dct_cover_vs_stego_00099_print-diffs_stdout.txt,data/baseline/2/aletheia_outputs/logs/dct_cover_vs_stego_00099_print-diffs_stderr.txt
dct,cover_vs_stego,00199.png,print-diffs,cover,stego,data/baseline/2/results_raw/dct/cover/00199.png,data/baseline/2/results_raw/dct/stego/00199.png,0,0.9307489395141602,data/baseline/2/aletheia_outputs/logs/dct_cover_vs_stego_00199_print-diffs_stdout.txt,data/baseline/2/aletheia_outputs/logs/dct_cover_vs_stego_00199_print-diffs_stderr.txt
dct,cover_vs_stego,00299.png,print-diffs,cover,stego,data/baseline/2/results_raw/dct/cover/00299.png,data/baseline/2/results_raw/dct/stego/00299.png,0,0.9058105945587158,data/baseline/2/aletheia_outputs/logs/dct_cover_vs_stego_00299_print-diffs_stdout.txt,data/baseline/2/aletheia_outputs/logs/dct_cover_vs_stego_00299_print-diffs_stderr.txt
dct,cover_vs_stego,00399.png,print-diffs,cover,stego,data/baseline/2/results_raw/dct/cover/00399.png,data/baseline/2/results_raw/dct/stego/00399.png,0,0.9740016460418701,data/baseline/2/aletheia_outputs/logs/dct_cover_vs_stego_00399_print-diffs_stdout.txt,data/baseline/2/aletheia_outputs/logs/dct_cover_vs_stego_00399_print-diffs_stderr.txt
dct,cover_vs_stego,00499.png,print-diffs,cover,stego,data/baseline/2/results_raw/dct/cover/00499.png,data/baseline/2/results_raw/dct/stego/00499.png,0,0.954416036605835,data/baseline/2/aletheia_outputs/logs/dct_cover_vs_stego_00499_print-diffs_stdout.txt,data/baseline/2/aletheia_outputs/logs/dct_cover_vs_stego_00499_print-diffs_stderr.txt
dct,cover_vs_stego,00599.png,print-diffs,cover,stego,data/baseline/2/results_raw/dct/cover/00599.png,data/baseline/2/results_raw/dct/stego/00599.png,0,0.9667026996612549,data/baseline/2/aletheia_outputs/logs/dct_cover_vs_stego_00599_print-diffs_stdout.txt,data/baseline/2/aletheia_outputs/logs/dct_cover_vs_stego_00599_print-diffs_stderr.txt
dct,cover_vs_stego,00699.png,print-diffs,cover,stego,data/baseline/2/results_raw/dct/cover/00699.png,data/baseline/2/results_raw/dct/stego/00699.png,0,1.004739761352539,data/baseline/2/aletheia_outputs/logs/dct_cover_vs_stego_00699_print-diffs_stdout.txt,data/baseline/2/aletheia_outputs/logs/dct_cover_vs_stego_00699_print-diffs_stderr.txt
dct,cover_vs_stego,00799.png,print-diffs,cover,stego,data/baseline/2/results_raw/dct/cover/00799.png,data/baseline/2/results_raw/dct/stego/00799.png,0,0.8763117790222168,data/baseline/2/aletheia_outputs/logs/dct_cover_vs_stego_00799_print-diffs_stdout.txt,data/baseline/2/aletheia_outputs/logs/dct_cover_vs_stego_00799_print-diffs_stderr.txt
dct,cover_vs_stego,00899.png,print-diffs,cover,stego,data/baseline/2/results_raw/dct/cover/00899.png,data/baseline/2/results_raw/dct/stego/00899.png,0,0.9252102375030518,data/baseline/2/aletheia_outputs/logs/dct_cover_vs_stego_00899_print-diffs_stdout.txt,data/baseline/2/aletheia_outputs/logs/dct_cover_vs_stego_00899_print-diffs_stderr.txt
dct,cover_vs_stego,00999.png,print-diffs,cover,stego,data/baseline/2/results_raw/dct/cover/00999.png,data/baseline/2/results_raw/dct/stego/00999.png,0,0.9373593330383301,data/baseline/2/aletheia_outputs/logs/dct_cover_vs_stego_00999_print-diffs_stdout.txt,data/baseline/2/aletheia_outputs/logs/dct_cover_vs_stego_00999_print-diffs_stderr.txt
dct,cover_vs_stego,01099.png,print-diffs,cover,stego,data/baseline/2/results_raw/dct/cover/01099.png,data/baseline/2/results_raw/dct/stego/01099.png,0,0.9178082942962646,data/baseline/2/aletheia_outputs/logs/dct_cover_vs_stego_01099_print-diffs_stdout.txt,data/baseline/2/aletheia_outputs/logs/dct_cover_vs_stego_01099_print-diffs_stderr.txt
dct,cover_vs_stego,01199.png,print-diffs,cover,stego,data/baseline/2/results_raw/dct/cover/01199.png,data/baseline/2/results_raw/dct/stego/01199.png,0,0.8750252723693848,data/baseline/2/aletheia_outputs/logs/dct_cover_vs_stego_01199_print-diffs_stdout.txt,data/baseline/2/aletheia_outputs/logs/dct_cover_vs_stego_01199_print-diffs_stderr.txt
dct,cover_vs_stego,01299.png,print-diffs,cover,stego,data/baseline/2/results_raw/dct/cover/01299.png,data/baseline/2/results_raw/dct/stego/01299.png,0,0.9179320335388184,data/baseline/2/aletheia_outputs/logs/dct_cover_vs_stego_01299_print-diffs_stdout.txt,data/baseline/2/aletheia_outputs/logs/dct_cover_vs_stego_01299_print-diffs_stderr.txt
dct,cover_vs_stego,01399.png,print-diffs,cover,stego,data/baseline/2/results_raw/dct/cover/01399.png,data/baseline/2/results_raw/dct/stego/01399.png,0,0.8925528526306152,data/baseline/2/aletheia_outputs/logs/dct_cover_vs_stego_01399_print-diffs_stdout.txt,data/baseline/2/aletheia_outputs/logs/dct_cover_vs_stego_01399_print-diffs_stderr.txt
dct,cover_vs_stego,01499.png,print-diffs,cover,stego,data/baseline/2/results_raw/dct/cover/01499.png,data/baseline/2/results_raw/dct/stego/01499.png,0,0.9401521682739258,data/baseline/2/aletheia_outputs/logs/dct_cover_vs_stego_01499_print-diffs_stdout.txt,data/baseline/2/aletheia_outputs/logs/dct_cover_vs_stego_01499_print-diffs_stderr.txt
dct,pre_secret_vs_secret,00099.png,print-diffs,pre_secret,secret,data/baseline/2/results_raw/dct/pre_secret/00099.png,data/baseline/2/results_raw/dct/secret/00099.png,0,0.9246463775634766,data/baseline/2/aletheia_outputs/logs/dct_pre_secret_vs_secret_00099_print-diffs_stdout.txt,data/baseline/2/aletheia_outputs/logs/dct_pre_secret_vs_secret_00099_print-diffs_stderr.txt
dct,pre_secret_vs_secret,00199.png,print-diffs,pre_secret,secret,data/baseline/2/results_raw/dct/pre_secret/00199.png,data/baseline/2/results_raw/dct/secret/00199.png,0,0.9363887310028076,data/baseline/2/aletheia_outputs/logs/dct_pre_secret_vs_secret_00199_print-diffs_stdout.txt,data/baseline/2/aletheia_outputs/logs/dct_pre_secret_vs_secret_00199_print-diffs_stderr.txt
dct,pre_secret_vs_secret,00299.png,print-diffs,pre_secret,secret,data/baseline/2/results_raw/dct/pre_secret/00299.png,data/baseline/2/results_raw/dct/secret/00299.png,0,0.951711893081665,data/baseline/2/aletheia_outputs/logs/dct_pre_secret_vs_secret_00299_print-diffs_stdout.txt,data/baseline/2/aletheia_outputs/logs/dct_pre_secret_vs_secret_00299_print-diffs_stderr.txt
dct,pre_secret_vs_secret,00399.png,print-diffs,pre_secret,secret,data/baseline/2/results_raw/dct/pre_secret/00399.png,data/baseline/2/results_raw/dct/secret/00399.png,0,0.9291017055511475,data/baseline/2/aletheia_outputs/logs/dct_pre_secret_vs_secret_00399_print-diffs_stdout.txt,data/baseline/2/aletheia_outputs/logs/dct_pre_secret_vs_secret_00399_print-diffs_stderr.txt
dct,pre_secret_vs_secret,00499.png,print-diffs,pre_secret,secret,data/baseline/2/results_raw/dct/pre_secret/00499.png,data/baseline/2/results_raw/dct/secret/00499.png,0,0.9093155860900879,data/baseline/2/aletheia_outputs/logs/dct_pre_secret_vs_secret_00499_print-diffs_stdout.txt,data/baseline/2/aletheia_outputs/logs/dct_pre_secret_vs_secret_00499_print-diffs_stderr.txt
dct,pre_secret_vs_secret,00599.png,print-diffs,pre_secret,secret,data/baseline/2/results_raw/dct/pre_secret/00599.png,data/baseline/2/results_raw/dct/secret/00599.png,0,0.9144325256347656,data/baseline/2/aletheia_outputs/logs/dct_pre_secret_vs_secret_00599_print-diffs_stdout.txt,data/baseline/2/aletheia_outputs/logs/dct_pre_secret_vs_secret_00599_print-diffs_stderr.txt
dct,pre_secret_vs_secret,00699.png,print-diffs,pre_secret,secret,data/baseline/2/results_raw/dct/pre_secret/00699.png,data/baseline/2/results_raw/dct/secret/00699.png,0,0.887096643447876,data/baseline/2/aletheia_outputs/logs/dct_pre_secret_vs_secret_00699_print-diffs_stdout.txt,data/baseline/2/aletheia_outputs/logs/dct_pre_secret_vs_secret_00699_print-diffs_stderr.txt
dct,pre_secret_vs_secret,00799.png,print-diffs,pre_secret,secret,data/baseline/2/results_raw/dct/pre_secret/00799.png,data/baseline/2/results_raw/dct/secret/00799.png,0,0.9114446640014648,data/baseline/2/aletheia_outputs/logs/dct_pre_secret_vs_secret_00799_print-diffs_stdout.txt,data/baseline/2/aletheia_outputs/logs/dct_pre_secret_vs_secret_00799_print-diffs_stderr.txt
dct,pre_secret_vs_secret,00899.png,print-diffs,pre_secret,secret,data/baseline/2/results_raw/dct/pre_secret/00899.png,data/baseline/2/results_raw/dct/secret/00899.png,0,0.9270801544189453,data/baseline/2/aletheia_outputs/logs/dct_pre_secret_vs_secret_00899_print-diffs_stdout.txt,data/baseline/2/aletheia_outputs/logs/dct_pre_secret_vs_secret_00899_print-diffs_stderr.txt
dct,pre_secret_vs_secret,00999.png,print-diffs,pre_secret,secret,data/baseline/2/results_raw/dct/pre_secret/00999.png,data/baseline/2/results_raw/dct/secret/00999.png,0,0.9197807312011719,data/baseline/2/aletheia_outputs/logs/dct_pre_secret_vs_secret_00999_print-diffs_stdout.txt,data/baseline/2/aletheia_outputs/logs/dct_pre_secret_vs_secret_00999_print-diffs_stderr.txt
dct,pre_secret_vs_secret,01099.png,print-diffs,pre_secret,secret,data/baseline/2/results_raw/dct/pre_secret/01099.png,data/baseline/2/results_raw/dct/secret/01099.png,0,0.9019722938537598,data/baseline/2/aletheia_outputs/logs/dct_pre_secret_vs_secret_01099_print-diffs_stdout.txt,data/baseline/2/aletheia_outputs/logs/dct_pre_secret_vs_secret_01099_print-diffs_stderr.txt
dct,pre_secret_vs_secret,01199.png,print-diffs,pre_secret,secret,data/baseline/2/results_raw/dct/pre_secret/01199.png,data/baseline/2/results_raw/dct/secret/01199.png,0,0.8776061534881592,data/baseline/2/aletheia_outputs/logs/dct_pre_secret_vs_secret_01199_print-diffs_stdout.txt,data/baseline/2/aletheia_outputs/logs/dct_pre_secret_vs_secret_01199_print-diffs_stderr.txt
dct,pre_secret_vs_secret,01299.png,print-diffs,pre_secret,secret,data/baseline/2/results_raw/dct/pre_secret/01299.png,data/baseline/2/results_raw/dct/secret/01299.png,0,0.9515342712402344,data/baseline/2/aletheia_outputs/logs/dct_pre_secret_vs_secret_01299_print-diffs_stdout.txt,data/baseline/2/aletheia_outputs/logs/dct_pre_secret_vs_secret_01299_print-diffs_stderr.txt
dct,pre_secret_vs_secret,01399.png,print-diffs,pre_secret,secret,data/baseline/2/results_raw/dct/pre_secret/01399.png,data/baseline/2/results_raw/dct/secret/01399.png,0,0.8930041790008545,data/baseline/2/aletheia_outputs/logs/dct_pre_secret_vs_secret_01399_print-diffs_stdout.txt,data/baseline/2/aletheia_outputs/logs/dct_pre_secret_vs_secret_01399_print-diffs_stderr.txt
dct,pre_secret_vs_secret,01499.png,print-diffs,pre_secret,secret,data/baseline/2/results_raw/dct/pre_secret/01499.png,data/baseline/2/results_raw/dct/secret/01499.png,0,0.9440670013427734,data/baseline/2/aletheia_outputs/logs/dct_pre_secret_vs_secret_01499_print-diffs_stdout.txt,data/baseline/2/aletheia_outputs/logs/dct_pre_secret_vs_secret_01499_print-diffs_stderr.txt
dwt,cover_vs_stego,00099.png,print-diffs,cover,stego,data/baseline/2/results_raw/dwt/cover/00099.png,data/baseline/2/results_raw/dwt/stego/00099.png,0,0.9341261386871338,data/baseline/2/aletheia_outputs/logs/dwt_cover_vs_stego_00099_print-diffs_stdout.txt,data/baseline/2/aletheia_outputs/logs/dwt_cover_vs_stego_00099_print-diffs_stderr.txt
dwt,cover_vs_stego,00199.png,print-diffs,cover,stego,data/baseline/2/results_raw/dwt/cover/00199.png,data/baseline/2/results_raw/dwt/stego/00199.png,0,0.8914525508880615,data/baseline/2/aletheia_outputs/logs/dwt_cover_vs_stego_00199_print-diffs_stdout.txt,data/baseline/2/aletheia_outputs/logs/dwt_cover_vs_stego_00199_print-diffs_stderr.txt
dwt,cover_vs_stego,00299.png,print-diffs,cover,stego,data/baseline/2/results_raw/dwt/cover/00299.png,data/baseline/2/results_raw/dwt/stego/00299.png,0,0.963904857635498,data/baseline/2/aletheia_outputs/logs/dwt_cover_vs_stego_00299_print-diffs_stdout.txt,data/baseline/2/aletheia_outputs/logs/dwt_cover_vs_stego_00299_print-diffs_stderr.txt
dwt,cover_vs_stego,00399.png,print-diffs,cover,stego,data/baseline/2/results_raw/dwt/cover/00399.png,data/baseline/2/results_raw/dwt/stego/00399.png,0,0.9378201961517334,data/baseline/2/aletheia_outputs/logs/dwt_cover_vs_stego_00399_print-diffs_stdout.txt,data/baseline/2/aletheia_outputs/logs/dwt_cover_vs_stego_00399_print-diffs_stderr.txt
dwt,cover_vs_stego,00499.png,print-diffs,cover,stego,data/baseline/2/results_raw/dwt/cover/00499.png,data/baseline/2/results_raw/dwt/stego/00499.png,0,0.9216043949127197,data/baseline/2/aletheia_outputs/logs/dwt_cover_vs_stego_00499_print-diffs_stdout.txt,data/baseline/2/aletheia_outputs/logs/dwt_cover_vs_stego_00499_print-diffs_stderr.txt
dwt,cover_vs_stego,00599.png,print-diffs,cover,stego,data/baseline/2/results_raw/dwt/cover/00599.png,data/baseline/2/results_raw/dwt/stego/00599.png,0,0.9176256656646729,data/baseline/2/aletheia_outputs/logs/dwt_cover_vs_stego_00599_print-diffs_stdout.txt,data/baseline/2/aletheia_outputs/logs/dwt_cover_vs_stego_00599_print-diffs_stderr.txt
dwt,cover_vs_stego,00699.png,print-diffs,cover,stego,data/baseline/2/results_raw/dwt/cover/00699.png,data/baseline/2/results_raw/dwt/stego/00699.png,0,0.875863790512085,data/baseline/2/aletheia_outputs/logs/dwt_cover_vs_stego_00699_print-diffs_stdout.txt,data/baseline/2/aletheia_outputs/logs/dwt_cover_vs_stego_00699_print-diffs_stderr.txt
dwt,cover_vs_stego,00799.png,print-diffs,cover,stego,data/baseline/2/results_raw/dwt/cover/00799.png,data/baseline/2/results_raw/dwt/stego/00799.png,0,0.9159092903137207,data/baseline/2/aletheia_outputs/logs/dwt_cover_vs_stego_00799_print-diffs_stdout.txt,data/baseline/2/aletheia_outputs/logs/dwt_cover_vs_stego_00799_print-diffs_stderr.txt
dwt,cover_vs_stego,00899.png,print-diffs,cover,stego,data/baseline/2/results_raw/dwt/cover/00899.png,data/baseline/2/results_raw/dwt/stego/00899.png,0,0.8710410594940186,data/baseline/2/aletheia_outputs/logs/dwt_cover_vs_stego_00899_print-diffs_stdout.txt,data/baseline/2/aletheia_outputs/logs/dwt_cover_vs_stego_00899_print-diffs_stderr.txt
dwt,cover_vs_stego,00999.png,print-diffs,cover,stego,data/baseline/2/results_raw/dwt/cover/00999.png,data/baseline/2/results_raw/dwt/stego/00999.png,0,0.8834881782531738,data/baseline/2/aletheia_outputs/logs/dwt_cover_vs_stego_00999_print-diffs_stdout.txt,data/baseline/2/aletheia_outputs/logs/dwt_cover_vs_stego_00999_print-diffs_stderr.txt
dwt,cover_vs_stego,01099.png,print-diffs,cover,stego,data/baseline/2/results_raw/dwt/cover/01099.png,data/baseline/2/results_raw/dwt/stego/01099.png,0,0.9219052791595459,data/baseline/2/aletheia_outputs/logs/dwt_cover_vs_stego_01099_print-diffs_stdout.txt,data/baseline/2/aletheia_outputs/logs/dwt_cover_vs_stego_01099_print-diffs_stderr.txt
dwt,cover_vs_stego,01199.png,print-diffs,cover,stego,data/baseline/2/results_raw/dwt/cover/01199.png,data/baseline/2/results_raw/dwt/stego/01199.png,0,0.9142968654632568,data/baseline/2/aletheia_outputs/logs/dwt_cover_vs_stego_01199_print-diffs_stdout.txt,data/baseline/2/aletheia_outputs/logs/dwt_cover_vs_stego_01199_print-diffs_stderr.txt
dwt,cover_vs_stego,01299.png,print-diffs,cover,stego,data/baseline/2/results_raw/dwt/cover/01299.png,data/baseline/2/results_raw/dwt/stego/01299.png,0,0.9245882034301758,data/baseline/2/aletheia_outputs/logs/dwt_cover_vs_stego_01299_print-diffs_stdout.txt,data/baseline/2/aletheia_outputs/logs/dwt_cover_vs_stego_01299_print-diffs_stderr.txt
dwt,cover_vs_stego,01399.png,print-diffs,cover,stego,data/baseline/2/results_raw/dwt/cover/01399.png,data/baseline/2/results_raw/dwt/stego/01399.png,0,0.8975663185119629,data/baseline/2/aletheia_outputs/logs/dwt_cover_vs_stego_01399_print-diffs_stdout.txt,data/baseline/2/aletheia_outputs/logs/dwt_cover_vs_stego_01399_print-diffs_stderr.txt
dwt,cover_vs_stego,01499.png,print-diffs,cover,stego,data/baseline/2/results_raw/dwt/cover/01499.png,data/baseline/2/results_raw/dwt/stego/01499.png,0,0.9074056148529053,data/baseline/2/aletheia_outputs/logs/dwt_cover_vs_stego_01499_print-diffs_stdout.txt,data/baseline/2/aletheia_outputs/logs/dwt_cover_vs_stego_01499_print-diffs_stderr.txt
dwt,pre_secret_vs_secret,00099.png,print-diffs,pre_secret,secret,data/baseline/2/results_raw/dwt/pre_secret/00099.png,data/baseline/2/results_raw/dwt/secret/00099.png,0,0.9342741966247559,data/baseline/2/aletheia_outputs/logs/dwt_pre_secret_vs_secret_00099_print-diffs_stdout.txt,data/baseline/2/aletheia_outputs/logs/dwt_pre_secret_vs_secret_00099_print-diffs_stderr.txt
dwt,pre_secret_vs_secret,00199.png,print-diffs,pre_secret,secret,data/baseline/2/results_raw/dwt/pre_secret/00199.png,data/baseline/2/results_raw/dwt/secret/00199.png,0,0.8304443359375,data/baseline/2/aletheia_outputs/logs/dwt_pre_secret_vs_secret_00199_print-diffs_stdout.txt,data/baseline/2/aletheia_outputs/logs/dwt_pre_secret_vs_secret_00199_print-diffs_stderr.txt
dwt,pre_secret_vs_secret,00299.png,print-diffs,pre_secret,secret,data/baseline/2/results_raw/dwt/pre_secret/00299.png,data/baseline/2/results_raw/dwt/secret/00299.png,0,0.8856973648071289,data/baseline/2/aletheia_outputs/logs/dwt_pre_secret_vs_secret_00299_print-diffs_stdout.txt,data/baseline/2/aletheia_outputs/logs/dwt_pre_secret_vs_secret_00299_print-diffs_stderr.txt
dwt,pre_secret_vs_secret,00399.png,print-diffs,pre_secret,secret,data/baseline/2/results_raw/dwt/pre_secret/00399.png,data/baseline/2/results_raw/dwt/secret/00399.png,0,0.8873317241668701,data/baseline/2/aletheia_outputs/logs/dwt_pre_secret_vs_secret_00399_print-diffs_stdout.txt,data/baseline/2/aletheia_outputs/logs/dwt_pre_secret_vs_secret_00399_print-diffs_stderr.txt
dwt,pre_secret_vs_secret,00499.png,print-diffs,pre_secret,secret,data/baseline/2/results_raw/dwt/pre_secret/00499.png,data/baseline/2/results_raw/dwt/secret/00499.png,0,0.9661343097686768,data/baseline/2/aletheia_outputs/logs/dwt_pre_secret_vs_secret_00499_print-diffs_stdout.txt,data/baseline/2/aletheia_outputs/logs/dwt_pre_secret_vs_secret_00499_print-diffs_stderr.txt
dwt,pre_secret_vs_secret,00599.png,print-diffs,pre_secret,secret,data/baseline/2/results_raw/dwt/pre_secret/00599.png,data/baseline/2/results_raw/dwt/secret/00599.png,0,0.885634183883667,data/baseline/2/aletheia_outputs/logs/dwt_pre_secret_vs_secret_00599_print-diffs_stdout.txt,data/baseline/2/aletheia_outputs/logs/dwt_pre_secret_vs_secret_00599_print-diffs_stderr.txt
dwt,pre_secret_vs_secret,00699.png,print-diffs,pre_secret,secret,data/baseline/2/results_raw/dwt/pre_secret/00699.png,data/baseline/2/results_raw/dwt/secret/00699.png,0,0.9376962184906006,data/baseline/2/aletheia_outputs/logs/dwt_pre_secret_vs_secret_00699_print-diffs_stdout.txt,data/baseline/2/aletheia_outputs/logs/dwt_pre_secret_vs_secret_00699_print-diffs_stderr.txt
dwt,pre_secret_vs_secret,00799.png,print-diffs,pre_secret,secret,data/baseline/2/results_raw/dwt/pre_secret/00799.png,data/baseline/2/results_raw/dwt/secret/00799.png,0,0.8684241771697998,data/baseline/2/aletheia_outputs/logs/dwt_pre_secret_vs_secret_00799_print-diffs_stdout.txt,data/baseline/2/aletheia_outputs/logs/dwt_pre_secret_vs_secret_00799_print-diffs_stderr.txt
dwt,pre_secret_vs_secret,00899.png,print-diffs,pre_secret,secret,data/baseline/2/results_raw/dwt/pre_secret/00899.png,data/baseline/2/results_raw/dwt/secret/00899.png,0,0.8862760066986084,data/baseline/2/aletheia_outputs/logs/dwt_pre_secret_vs_secret_00899_print-diffs_stdout.txt,data/baseline/2/aletheia_outputs/logs/dwt_pre_secret_vs_secret_00899_print-diffs_stderr.txt
dwt,pre_secret_vs_secret,00999.png,print-diffs,pre_secret,secret,data/baseline/2/results_raw/dwt/pre_secret/00999.png,data/baseline/2/results_raw/dwt/secret/00999.png,0,0.8953819274902344,data/baseline/2/aletheia_outputs/logs/dwt_pre_secret_vs_secret_00999_print-diffs_stdout.txt,data/baseline/2/aletheia_outputs/logs/dwt_pre_secret_vs_secret_00999_print-diffs_stderr.txt
dwt,pre_secret_vs_secret,01099.png,print-diffs,pre_secret,secret,data/baseline/2/results_raw/dwt/pre_secret/01099.png,data/baseline/2/results_raw/dwt/secret/01099.png,0,0.941887378692627,data/baseline/2/aletheia_outputs/logs/dwt_pre_secret_vs_secret_01099_print-diffs_stdout.txt,data/baseline/2/aletheia_outputs/logs/dwt_pre_secret_vs_secret_01099_print-diffs_stderr.txt
dwt,pre_secret_vs_secret,01199.png,print-diffs,pre_secret,secret,data/baseline/2/results_raw/dwt/pre_secret/01199.png,data/baseline/2/results_raw/dwt/secret/01199.png,0,0.8771781921386719,data/baseline/2/aletheia_outputs/logs/dwt_pre_secret_vs_secret_01199_print-diffs_stdout.txt,data/baseline/2/aletheia_outputs/logs/dwt_pre_secret_vs_secret_01199_print-diffs_stderr.txt
dwt,pre_secret_vs_secret,01299.png,print-diffs,pre_secret,secret,data/baseline/2/results_raw/dwt/pre_secret/01299.png,data/baseline/2/results_raw/dwt/secret/01299.png,0,0.9400229454040527,data/baseline/2/aletheia_outputs/logs/dwt_pre_secret_vs_secret_01299_print-diffs_stdout.txt,data/baseline/2/aletheia_outputs/logs/dwt_pre_secret_vs_secret_01299_print-diffs_stderr.txt
dwt,pre_secret_vs_secret,01399.png,print-diffs,pre_secret,secret,data/baseline/2/results_raw/dwt/pre_secret/01399.png,data/baseline/2/results_raw/dwt/secret/01399.png,0,0.8985683917999268,data/baseline/2/aletheia_outputs/logs/dwt_pre_secret_vs_secret_01399_print-diffs_stdout.txt,data/baseline/2/aletheia_outputs/logs/dwt_pre_secret_vs_secret_01399_print-diffs_stderr.txt
dwt,pre_secret_vs_secret,01499.png,print-diffs,pre_secret,secret,data/baseline/2/results_raw/dwt/pre_secret/01499.png,data/baseline/2/results_raw/dwt/secret/01499.png,0,0.9215383529663086,data/baseline/2/aletheia_outputs/logs/dwt_pre_secret_vs_secret_01499_print-diffs_stdout.txt,data/baseline/2/aletheia_outputs/logs/dwt_pre_secret_vs_secret_01499_print-diffs_stderr.txt
lsb,cover_vs_stego,00099.png,print-diffs,cover,stego,data/baseline/2/results_raw/lsb/cover/00099.png,data/baseline/2/results_raw/lsb/stego/00099.png,0,0.9404501914978027,data/baseline/2/aletheia_outputs/logs/lsb_cover_vs_stego_00099_print-diffs_stdout.txt,data/baseline/2/aletheia_outputs/logs/lsb_cover_vs_stego_00099_print-diffs_stderr.txt
lsb,cover_vs_stego,00199.png,print-diffs,cover,stego,data/baseline/2/results_raw/lsb/cover/00199.png,data/baseline/2/results_raw/lsb/stego/00199.png,0,0.941551923751831,data/baseline/2/aletheia_outputs/logs/lsb_cover_vs_stego_00199_print-diffs_stdout.txt,data/baseline/2/aletheia_outputs/logs/lsb_cover_vs_stego_00199_print-diffs_stderr.txt
lsb,cover_vs_stego,00299.png,print-diffs,cover,stego,data/baseline/2/results_raw/lsb/cover/00299.png,data/baseline/2/results_raw/lsb/stego/00299.png,0,0.965498685836792,data/baseline/2/aletheia_outputs/logs/lsb_cover_vs_stego_00299_print-diffs_stdout.txt,data/baseline/2/aletheia_outputs/logs/lsb_cover_vs_stego_00299_print-diffs_stderr.txt
lsb,cover_vs_stego,00399.png,print-diffs,cover,stego,data/baseline/2/results_raw/lsb/cover/00399.png,data/baseline/2/results_raw/lsb/stego/00399.png,0,0.9016773700714111,data/baseline/2/aletheia_outputs/logs/lsb_cover_vs_stego_00399_print-diffs_stdout.txt,data/baseline/2/aletheia_outputs/logs/lsb_cover_vs_stego_00399_print-diffs_stderr.txt
lsb,cover_vs_stego,00499.png,print-diffs,cover,stego,data/baseline/2/results_raw/lsb/cover/00499.png,data/baseline/2/results_raw/lsb/stego/00499.png,0,0.9021139144897461,data/baseline/2/aletheia_outputs/logs/lsb_cover_vs_stego_00499_print-diffs_stdout.txt,data/baseline/2/aletheia_outputs/logs/lsb_cover_vs_stego_00499_print-diffs_stderr.txt
lsb,cover_vs_stego,00599.png,print-diffs,cover,stego,data/baseline/2/results_raw/lsb/cover/00599.png,data/baseline/2/results_raw/lsb/stego/00599.png,0,0.8561458587646484,data/baseline/2/aletheia_outputs/logs/lsb_cover_vs_stego_00599_print-diffs_stdout.txt,data/baseline/2/aletheia_outputs/logs/lsb_cover_vs_stego_00599_print-diffs_stderr.txt
lsb,cover_vs_stego,00699.png,print-diffs,cover,stego,data/baseline/2/results_raw/lsb/cover/00699.png,data/baseline/2/results_raw/lsb/stego/00699.png,0,0.908733606338501,data/baseline/2/aletheia_outputs/logs/lsb_cover_vs_stego_00699_print-diffs_stdout.txt,data/baseline/2/aletheia_outputs/logs/lsb_cover_vs_stego_00699_print-diffs_stderr.txt
lsb,cover_vs_stego,00799.png,print-diffs,cover,stego,data/baseline/2/results_raw/lsb/cover/00799.png,data/baseline/2/results_raw/lsb/stego/00799.png,0,0.8860971927642822,data/baseline/2/aletheia_outputs/logs/lsb_cover_vs_stego_00799_print-diffs_stdout.txt,data/baseline/2/aletheia_outputs/logs/lsb_cover_vs_stego_00799_print-diffs_stderr.txt
lsb,cover_vs_stego,00899.png,print-diffs,cover,stego,data/baseline/2/results_raw/lsb/cover/00899.png,data/baseline/2/results_raw/lsb/stego/00899.png,0,0.9510741233825684,data/baseline/2/aletheia_outputs/logs/lsb_cover_vs_stego_00899_print-diffs_stdout.txt,data/baseline/2/aletheia_outputs/logs/lsb_cover_vs_stego_00899_print-diffs_stderr.txt
lsb,cover_vs_stego,00999.png,print-diffs,cover,stego,data/baseline/2/results_raw/lsb/cover/00999.png,data/baseline/2/results_raw/lsb/stego/00999.png,0,0.8862805366516113,data/baseline/2/aletheia_outputs/logs/lsb_cover_vs_stego_00999_print-diffs_stdout.txt,data/baseline/2/aletheia_outputs/logs/lsb_cover_vs_stego_00999_print-diffs_stderr.txt
lsb,cover_vs_stego,01099.png,print-diffs,cover,stego,data/baseline/2/results_raw/lsb/cover/01099.png,data/baseline/2/results_raw/lsb/stego/01099.png,0,0.8965208530426025,data/baseline/2/aletheia_outputs/logs/lsb_cover_vs_stego_01099_print-diffs_stdout.txt,data/baseline/2/aletheia_outputs/logs/lsb_cover_vs_stego_01099_print-diffs_stderr.txt
lsb,cover_vs_stego,01199.png,print-diffs,cover,stego,data/baseline/2/results_raw/lsb/cover/01199.png,data/baseline/2/results_raw/lsb/stego/01199.png,0,0.9188823699951172,data/baseline/2/aletheia_outputs/logs/lsb_cover_vs_stego_01199_print-diffs_stdout.txt,data/baseline/2/aletheia_outputs/logs/lsb_cover_vs_stego_01199_print-diffs_stderr.txt
lsb,cover_vs_stego,01299.png,print-diffs,cover,stego,data/baseline/2/results_raw/lsb/cover/01299.png,data/baseline/2/results_raw/lsb/stego/01299.png,0,0.9201855659484863,data/baseline/2/aletheia_outputs/logs/lsb_cover_vs_stego_01299_print-diffs_stdout.txt,data/baseline/2/aletheia_outputs/logs/lsb_cover_vs_stego_01299_print-diffs_stderr.txt
lsb,cover_vs_stego,01399.png,print-diffs,cover,stego,data/baseline/2/results_raw/lsb/cover/01399.png,data/baseline/2/results_raw/lsb/stego/01399.png,0,0.9318962097167969,data/baseline/2/aletheia_outputs/logs/lsb_cover_vs_stego_01399_print-diffs_stdout.txt,data/baseline/2/aletheia_outputs/logs/lsb_cover_vs_stego_01399_print-diffs_stderr.txt
lsb,cover_vs_stego,01499.png,print-diffs,cover,stego,data/baseline/2/results_raw/lsb/cover/01499.png,data/baseline/2/results_raw/lsb/stego/01499.png,0,0.9199733734130859,data/baseline/2/aletheia_outputs/logs/lsb_cover_vs_stego_01499_print-diffs_stdout.txt,data/baseline/2/aletheia_outputs/logs/lsb_cover_vs_stego_01499_print-diffs_stderr.txt
lsb,pre_secret_vs_secret,00099.png,print-diffs,pre_secret,secret,data/baseline/2/results_raw/lsb/pre_secret/00099.png,data/baseline/2/results_raw/lsb/secret/00099.png,0,0.912926197052002,data/baseline/2/aletheia_outputs/logs/lsb_pre_secret_vs_secret_00099_print-diffs_stdout.txt,data/baseline/2/aletheia_outputs/logs/lsb_pre_secret_vs_secret_00099_print-diffs_stderr.txt
lsb,pre_secret_vs_secret,00199.png,print-diffs,pre_secret,secret,data/baseline/2/results_raw/lsb/pre_secret/00199.png,data/baseline/2/results_raw/lsb/secret/00199.png,0,0.8453202247619629,data/baseline/2/aletheia_outputs/logs/lsb_pre_secret_vs_secret_00199_print-diffs_stdout.txt,data/baseline/2/aletheia_outputs/logs/lsb_pre_secret_vs_secret_00199_print-diffs_stderr.txt
lsb,pre_secret_vs_secret,00299.png,print-diffs,pre_secret,secret,data/baseline/2/results_raw/lsb/pre_secret/00299.png,data/baseline/2/results_raw/lsb/secret/00299.png,0,0.9318375587463379,data/baseline/2/aletheia_outputs/logs/lsb_pre_secret_vs_secret_00299_print-diffs_stdout.txt,data/baseline/2/aletheia_outputs/logs/lsb_pre_secret_vs_secret_00299_print-diffs_stderr.txt
lsb,pre_secret_vs_secret,00399.png,print-diffs,pre_secret,secret,data/baseline/2/results_raw/lsb/pre_secret/00399.png,data/baseline/2/results_raw/lsb/secret/00399.png,0,0.9189150333404541,data/baseline/2/aletheia_outputs/logs/lsb_pre_secret_vs_secret_00399_print-diffs_stdout.txt,data/baseline/2/aletheia_outputs/logs/lsb_pre_secret_vs_secret_00399_print-diffs_stderr.txt
lsb,pre_secret_vs_secret,00499.png,print-diffs,pre_secret,secret,data/baseline/2/results_raw/lsb/pre_secret/00499.png,data/baseline/2/results_raw/lsb/secret/00499.png,0,0.8902280330657959,data/baseline/2/aletheia_outputs/logs/lsb_pre_secret_vs_secret_00499_print-diffs_stdout.txt,data/baseline/2/aletheia_outputs/logs/lsb_pre_secret_vs_secret_00499_print-diffs_stderr.txt
lsb,pre_secret_vs_secret,00599.png,print-diffs,pre_secret,secret,data/baseline/2/results_raw/lsb/pre_secret/00599.png,data/baseline/2/results_raw/lsb/secret/00599.png,0,0.921727180480957,data/baseline/2/aletheia_outputs/logs/lsb_pre_secret_vs_secret_00599_print-diffs_stdout.txt,data/baseline/2/aletheia_outputs/logs/lsb_pre_secret_vs_secret_00599_print-diffs_stderr.txt
lsb,pre_secret_vs_secret,00699.png,print-diffs,pre_secret,secret,data/baseline/2/results_raw/lsb/pre_secret/00699.png,data/baseline/2/results_raw/lsb/secret/00699.png,0,0.8887860774993896,data/baseline/2/aletheia_outputs/logs/lsb_pre_secret_vs_secret_00699_print-diffs_stdout.txt,data/baseline/2/aletheia_outputs/logs/lsb_pre_secret_vs_secret_00699_print-diffs_stderr.txt
lsb,pre_secret_vs_secret,00799.png,print-diffs,pre_secret,secret,data/baseline/2/results_raw/lsb/pre_secret/00799.png,data/baseline/2/results_raw/lsb/secret/00799.png,0,0.8881995677947998,data/baseline/2/aletheia_outputs/logs/lsb_pre_secret_vs_secret_00799_print-diffs_stdout.txt,data/baseline/2/aletheia_outputs/logs/lsb_pre_secret_vs_secret_00799_print-diffs_stderr.txt
lsb,pre_secret_vs_secret,00899.png,print-diffs,pre_secret,secret,data/baseline/2/results_raw/lsb/pre_secret/00899.png,data/baseline/2/results_raw/lsb/secret/00899.png,0,0.8947539329528809,data/baseline/2/aletheia_outputs/logs/lsb_pre_secret_vs_secret_00899_print-diffs_stdout.txt,data/baseline/2/aletheia_outputs/logs/lsb_pre_secret_vs_secret_00899_print-diffs_stderr.txt
lsb,pre_secret_vs_secret,00999.png,print-diffs,pre_secret,secret,data/baseline/2/results_raw/lsb/pre_secret/00999.png,data/baseline/2/results_raw/lsb/secret/00999.png,0,0.9215168952941895,data/baseline/2/aletheia_outputs/logs/lsb_pre_secret_vs_secret_00999_print-diffs_stdout.txt,data/baseline/2/aletheia_outputs/logs/lsb_pre_secret_vs_secret_00999_print-diffs_stderr.txt
lsb,pre_secret_vs_secret,01099.png,print-diffs,pre_secret,secret,data/baseline/2/results_raw/lsb/pre_secret/01099.png,data/baseline/2/results_raw/lsb/secret/01099.png,0,0.9106683731079102,data/baseline/2/aletheia_outputs/logs/lsb_pre_secret_vs_secret_01099_print-diffs_stdout.txt,data/baseline/2/aletheia_outputs/logs/lsb_pre_secret_vs_secret_01099_print-diffs_stderr.txt
lsb,pre_secret_vs_secret,01199.png,print-diffs,pre_secret,secret,data/baseline/2/results_raw/lsb/pre_secret/01199.png,data/baseline/2/results_raw/lsb/secret/01199.png,0,0.9224905967712402,data/baseline/2/aletheia_outputs/logs/lsb_pre_secret_vs_secret_01199_print-diffs_stdout.txt,data/baseline/2/aletheia_outputs/logs/lsb_pre_secret_vs_secret_01199_print-diffs_stderr.txt
lsb,pre_secret_vs_secret,01299.png,print-diffs,pre_secret,secret,data/baseline/2/results_raw/lsb/pre_secret/01299.png,data/baseline/2/results_raw/lsb/secret/01299.png,0,0.9037363529205322,data/baseline/2/aletheia_outputs/logs/lsb_pre_secret_vs_secret_01299_print-diffs_stdout.txt,data/baseline/2/aletheia_outputs/logs/lsb_pre_secret_vs_secret_01299_print-diffs_stderr.txt
lsb,pre_secret_vs_secret,01399.png,print-diffs,pre_secret,secret,data/baseline/2/results_raw/lsb/pre_secret/01399.png,data/baseline/2/results_raw/lsb/secret/01399.png,0,0.9008438587188721,data/baseline/2/aletheia_outputs/logs/lsb_pre_secret_vs_secret_01399_print-diffs_stdout.txt,data/baseline/2/aletheia_outputs/logs/lsb_pre_secret_vs_secret_01399_print-diffs_stderr.txt
lsb,pre_secret_vs_secret,01499.png,print-diffs,pre_secret,secret,data/baseline/2/results_raw/lsb/pre_secret/01499.png,data/baseline/2/results_raw/lsb/secret/01499.png,0,0.9613573551177979,data/baseline/2/aletheia_outputs/logs/lsb_pre_secret_vs_secret_01499_print-diffs_stdout.txt,data/baseline/2/aletheia_outputs/logs/lsb_pre_secret_vs_secret_01499_print-diffs_stderr.txt
original,cover_vs_stego,00099.png,print-diffs,cover,stego,data/baseline/2/results_raw/original/cover/00099.png,data/baseline/2/results_raw/original/stego/00099.png,0,0.9086689949035645,data/baseline/2/aletheia_outputs/logs/original_cover_vs_stego_00099_print-diffs_stdout.txt,data/baseline/2/aletheia_outputs/logs/original_cover_vs_stego_00099_print-diffs_stderr.txt
original,cover_vs_stego,00199.png,print-diffs,cover,stego,data/baseline/2/results_raw/original/cover/00199.png,data/baseline/2/results_raw/original/stego/00199.png,0,0.9011399745941162,data/baseline/2/aletheia_outputs/logs/original_cover_vs_stego_00199_print-diffs_stdout.txt,data/baseline/2/aletheia_outputs/logs/original_cover_vs_stego_00199_print-diffs_stderr.txt
original,cover_vs_stego,00299.png,print-diffs,cover,stego,data/baseline/2/results_raw/original/cover/00299.png,data/baseline/2/results_raw/original/stego/00299.png,0,0.9596982002258301,data/baseline/2/aletheia_outputs/logs/original_cover_vs_stego_00299_print-diffs_stdout.txt,data/baseline/2/aletheia_outputs/logs/original_cover_vs_stego_00299_print-diffs_stderr.txt
original,cover_vs_stego,00399.png,print-diffs,cover,stego,data/baseline/2/results_raw/original/cover/00399.png,data/baseline/2/results_raw/original/stego/00399.png,0,0.9472205638885498,data/baseline/2/aletheia_outputs/logs/original_cover_vs_stego_00399_print-diffs_stdout.txt,data/baseline/2/aletheia_outputs/logs/original_cover_vs_stego_00399_print-diffs_stderr.txt
original,cover_vs_stego,00499.png,print-diffs,cover,stego,data/baseline/2/results_raw/original/cover/00499.png,data/baseline/2/results_raw/original/stego/00499.png,0,0.9429819583892822,data/baseline/2/aletheia_outputs/logs/original_cover_vs_stego_00499_print-diffs_stdout.txt,data/baseline/2/aletheia_outputs/logs/original_cover_vs_stego_00499_print-diffs_stderr.txt
original,cover_vs_stego,00599.png,print-diffs,cover,stego,data/baseline/2/results_raw/original/cover/00599.png,data/baseline/2/results_raw/original/stego/00599.png,0,0.8980128765106201,data/baseline/2/aletheia_outputs/logs/original_cover_vs_stego_00599_print-diffs_stdout.txt,data/baseline/2/aletheia_outputs/logs/original_cover_vs_stego_00599_print-diffs_stderr.txt
original,cover_vs_stego,00699.png,print-diffs,cover,stego,data/baseline/2/results_raw/original/cover/00699.png,data/baseline/2/results_raw/original/stego/00699.png,0,0.9101002216339111,data/baseline/2/aletheia_outputs/logs/original_cover_vs_stego_00699_print-diffs_stdout.txt,data/baseline/2/aletheia_outputs/logs/original_cover_vs_stego_00699_print-diffs_stderr.txt
original,cover_vs_stego,00799.png,print-diffs,cover,stego,data/baseline/2/results_raw/original/cover/00799.png,data/baseline/2/results_raw/original/stego/00799.png,0,0.8891575336456299,data/baseline/2/aletheia_outputs/logs/original_cover_vs_stego_00799_print-diffs_stdout.txt,data/baseline/2/aletheia_outputs/logs/original_cover_vs_stego_00799_print-diffs_stderr.txt
original,cover_vs_stego,00899.png,print-diffs,cover,stego,data/baseline/2/results_raw/original/cover/00899.png,data/baseline/2/results_raw/original/stego/00899.png,0,0.942807674407959,data/baseline/2/aletheia_outputs/logs/original_cover_vs_stego_00899_print-diffs_stdout.txt,data/baseline/2/aletheia_outputs/logs/original_cover_vs_stego_00899_print-diffs_stderr.txt
original,cover_vs_stego,00999.png,print-diffs,cover,stego,data/baseline/2/results_raw/original/cover/00999.png,data/baseline/2/results_raw/original/stego/00999.png,0,0.8936820030212402,data/baseline/2/aletheia_outputs/logs/original_cover_vs_stego_00999_print-diffs_stdout.txt,data/baseline/2/aletheia_outputs/logs/original_cover_vs_stego_00999_print-diffs_stderr.txt
original,cover_vs_stego,01099.png,print-diffs,cover,stego,data/baseline/2/results_raw/original/cover/01099.png,data/baseline/2/results_raw/original/stego/01099.png,0,0.9532432556152344,data/baseline/2/aletheia_outputs/logs/original_cover_vs_stego_01099_print-diffs_stdout.txt,data/baseline/2/aletheia_outputs/logs/original_cover_vs_stego_01099_print-diffs_stderr.txt
original,cover_vs_stego,01199.png,print-diffs,cover,stego,data/baseline/2/results_raw/original/cover/01199.png,data/baseline/2/results_raw/original/stego/01199.png,0,0.9160239696502686,data/baseline/2/aletheia_outputs/logs/original_cover_vs_stego_01199_print-diffs_stdout.txt,data/baseline/2/aletheia_outputs/logs/original_cover_vs_stego_01199_print-diffs_stderr.txt
original,cover_vs_stego,01299.png,print-diffs,cover,stego,data/baseline/2/results_raw/original/cover/01299.png,data/baseline/2/results_raw/original/stego/01299.png,0,0.9199390411376953,data/baseline/2/aletheia_outputs/logs/original_cover_vs_stego_01299_print-diffs_stdout.txt,data/baseline/2/aletheia_outputs/logs/original_cover_vs_stego_01299_print-diffs_stderr.txt
original,cover_vs_stego,01399.png,print-diffs,cover,stego,data/baseline/2/results_raw/original/cover/01399.png,data/baseline/2/results_raw/original/stego/01399.png,0,0.8945534229278564,data/baseline/2/aletheia_outputs/logs/original_cover_vs_stego_01399_print-diffs_stdout.txt,data/baseline/2/aletheia_outputs/logs/original_cover_vs_stego_01399_print-diffs_stderr.txt
original,cover_vs_stego,01499.png,print-diffs,cover,stego,data/baseline/2/results_raw/original/cover/01499.png,data/baseline/2/results_raw/original/stego/01499.png,0,0.9322397708892822,data/baseline/2/aletheia_outputs/logs/original_cover_vs_stego_01499_print-diffs_stdout.txt,data/baseline/2/aletheia_outputs/logs/original_cover_vs_stego_01499_print-diffs_stderr.txt
original,pre_secret_vs_secret,00099.png,print-diffs,pre_secret,secret,data/baseline/2/results_raw/original/pre_secret/00099.png,data/baseline/2/results_raw/original/secret/00099.png,0,0.9216437339782715,data/baseline/2/aletheia_outputs/logs/original_pre_secret_vs_secret_00099_print-diffs_stdout.txt,data/baseline/2/aletheia_outputs/logs/original_pre_secret_vs_secret_00099_print-diffs_stderr.txt
original,pre_secret_vs_secret,00199.png,print-diffs,pre_secret,secret,data/baseline/2/results_raw/original/pre_secret/00199.png,data/baseline/2/results_raw/original/secret/00199.png,0,0.8440828323364258,data/baseline/2/aletheia_outputs/logs/original_pre_secret_vs_secret_00199_print-diffs_stdout.txt,data/baseline/2/aletheia_outputs/logs/original_pre_secret_vs_secret_00199_print-diffs_stderr.txt
original,pre_secret_vs_secret,00299.png,print-diffs,pre_secret,secret,data/baseline/2/results_raw/original/pre_secret/00299.png,data/baseline/2/results_raw/original/secret/00299.png,0,0.9004848003387451,data/baseline/2/aletheia_outputs/logs/original_pre_secret_vs_secret_00299_print-diffs_stdout.txt,data/baseline/2/aletheia_outputs/logs/original_pre_secret_vs_secret_00299_print-diffs_stderr.txt
original,pre_secret_vs_secret,00399.png,print-diffs,pre_secret,secret,data/baseline/2/results_raw/original/pre_secret/00399.png,data/baseline/2/results_raw/original/secret/00399.png,0,0.9351449012756348,data/baseline/2/aletheia_outputs/logs/original_pre_secret_vs_secret_00399_print-diffs_stdout.txt,data/baseline/2/aletheia_outputs/logs/original_pre_secret_vs_secret_00399_print-diffs_stderr.txt
original,pre_secret_vs_secret,00499.png,print-diffs,pre_secret,secret,data/baseline/2/results_raw/original/pre_secret/00499.png,data/baseline/2/results_raw/original/secret/00499.png,0,0.887664794921875,data/baseline/2/aletheia_outputs/logs/original_pre_secret_vs_secret_00499_print-diffs_stdout.txt,data/baseline/2/aletheia_outputs/logs/original_pre_secret_vs_secret_00499_print-diffs_stderr.txt
original,pre_secret_vs_secret,00599.png,print-diffs,pre_secret,secret,data/baseline/2/results_raw/original/pre_secret/00599.png,data/baseline/2/results_raw/original/secret/00599.png,0,0.8976750373840332,data/baseline/2/aletheia_outputs/logs/original_pre_secret_vs_secret_00599_print-diffs_stdout.txt,data/baseline/2/aletheia_outputs/logs/original_pre_secret_vs_secret_00599_print-diffs_stderr.txt
original,pre_secret_vs_secret,00699.png,print-diffs,pre_secret,secret,data/baseline/2/results_raw/original/pre_secret/00699.png,data/baseline/2/results_raw/original/secret/00699.png,0,0.9066591262817383,data/baseline/2/aletheia_outputs/logs/original_pre_secret_vs_secret_00699_print-diffs_stdout.txt,data/baseline/2/aletheia_outputs/logs/original_pre_secret_vs_secret_00699_print-diffs_stderr.txt
original,pre_secret_vs_secret,00799.png,print-diffs,pre_secret,secret,data/baseline/2/results_raw/original/pre_secret/00799.png,data/baseline/2/results_raw/original/secret/00799.png,0,0.8720107078552246,data/baseline/2/aletheia_outputs/logs/original_pre_secret_vs_secret_00799_print-diffs_stdout.txt,data/baseline/2/aletheia_outputs/logs/original_pre_secret_vs_secret_00799_print-diffs_stderr.txt
original,pre_secret_vs_secret,00899.png,print-diffs,pre_secret,secret,data/baseline/2/results_raw/original/pre_secret/00899.png,data/baseline/2/results_raw/original/secret/00899.png,0,0.9349930286407471,data/baseline/2/aletheia_outputs/logs/original_pre_secret_vs_secret_00899_print-diffs_stdout.txt,data/baseline/2/aletheia_outputs/logs/original_pre_secret_vs_secret_00899_print-diffs_stderr.txt
original,pre_secret_vs_secret,00999.png,print-diffs,pre_secret,secret,data/baseline/2/results_raw/original/pre_secret/00999.png,data/baseline/2/results_raw/original/secret/00999.png,0,0.8960423469543457,data/baseline/2/aletheia_outputs/logs/original_pre_secret_vs_secret_00999_print-diffs_stdout.txt,data/baseline/2/aletheia_outputs/logs/original_pre_secret_vs_secret_00999_print-diffs_stderr.txt
original,pre_secret_vs_secret,01099.png,print-diffs,pre_secret,secret,data/baseline/2/results_raw/original/pre_secret/01099.png,data/baseline/2/results_raw/original/secret/01099.png,0,0.8898682594299316,data/baseline/2/aletheia_outputs/logs/original_pre_secret_vs_secret_01099_print-diffs_stdout.txt,data/baseline/2/aletheia_outputs/logs/original_pre_secret_vs_secret_01099_print-diffs_stderr.txt
original,pre_secret_vs_secret,01199.png,print-diffs,pre_secret,secret,data/baseline/2/results_raw/original/pre_secret/01199.png,data/baseline/2/results_raw/original/secret/01199.png,0,0.8871810436248779,data/baseline/2/aletheia_outputs/logs/original_pre_secret_vs_secret_01199_print-diffs_stdout.txt,data/baseline/2/aletheia_outputs/logs/original_pre_secret_vs_secret_01199_print-diffs_stderr.txt
original,pre_secret_vs_secret,01299.png,print-diffs,pre_secret,secret,data/baseline/2/results_raw/original/pre_secret/01299.png,data/baseline/2/results_raw/original/secret/01299.png,0,0.9144785404205322,data/baseline/2/aletheia_outputs/logs/original_pre_secret_vs_secret_01299_print-diffs_stdout.txt,data/baseline/2/aletheia_outputs/logs/original_pre_secret_vs_secret_01299_print-diffs_stderr.txt
original,pre_secret_vs_secret,01399.png,print-diffs,pre_secret,secret,data/baseline/2/results_raw/original/pre_secret/01399.png,data/baseline/2/results_raw/original/secret/01399.png,0,0.8514275550842285,data/baseline/2/aletheia_outputs/logs/original_pre_secret_vs_secret_01399_print-diffs_stdout.txt,data/baseline/2/aletheia_outputs/logs/original_pre_secret_vs_secret_01399_print-diffs_stderr.txt
original,pre_secret_vs_secret,01499.png,print-diffs,pre_secret,secret,data/baseline/2/results_raw/original/pre_secret/01499.png,data/baseline/2/results_raw/original/secret/01499.png,0,0.9205734729766846,data/baseline/2/aletheia_outputs/logs/original_pre_secret_vs_secret_01499_print-diffs_stdout.txt,data/baseline/2/aletheia_outputs/logs/original_pre_secret_vs_secret_01499_print-diffs_stderr.txt
spread_spectrum,cover_vs_stego,00099.png,print-diffs,cover,stego,data/baseline/2/results_raw/spread_spectrum/cover/00099.png,data/baseline/2/results_raw/spread_spectrum/stego/00099.png,0,0.94461989402771,data/baseline/2/aletheia_outputs/logs/spread_spectrum_cover_vs_stego_00099_print-diffs_stdout.txt,data/baseline/2/aletheia_outputs/logs/spread_spectrum_cover_vs_stego_00099_print-diffs_stderr.txt
spread_spectrum,cover_vs_stego,00199.png,print-diffs,cover,stego,data/baseline/2/results_raw/spread_spectrum/cover/00199.png,data/baseline/2/results_raw/spread_spectrum/stego/00199.png,0,0.9291245937347412,data/baseline/2/aletheia_outputs/logs/spread_spectrum_cover_vs_stego_00199_print-diffs_stdout.txt,data/baseline/2/aletheia_outputs/logs/spread_spectrum_cover_vs_stego_00199_print-diffs_stderr.txt
spread_spectrum,cover_vs_stego,00299.png,print-diffs,cover,stego,data/baseline/2/results_raw/spread_spectrum/cover/00299.png,data/baseline/2/results_raw/spread_spectrum/stego/00299.png,0,0.8873145580291748,data/baseline/2/aletheia_outputs/logs/spread_spectrum_cover_vs_stego_00299_print-diffs_stdout.txt,data/baseline/2/aletheia_outputs/logs/spread_spectrum_cover_vs_stego_00299_print-diffs_stderr.txt
spread_spectrum,cover_vs_stego,00399.png,print-diffs,cover,stego,data/baseline/2/results_raw/spread_spectrum/cover/00399.png,data/baseline/2/results_raw/spread_spectrum/stego/00399.png,0,0.9256148338317871,data/baseline/2/aletheia_outputs/logs/spread_spectrum_cover_vs_stego_00399_print-diffs_stdout.txt,data/baseline/2/aletheia_outputs/logs/spread_spectrum_cover_vs_stego_00399_print-diffs_stderr.txt
spread_spectrum,cover_vs_stego,00499.png,print-diffs,cover,stego,data/baseline/2/results_raw/spread_spectrum/cover/00499.png,data/baseline/2/results_raw/spread_spectrum/stego/00499.png,0,0.886955738067627,data/baseline/2/aletheia_outputs/logs/spread_spectrum_cover_vs_stego_00499_print-diffs_stdout.txt,data/baseline/2/aletheia_outputs/logs/spread_spectrum_cover_vs_stego_00499_print-diffs_stderr.txt
spread_spectrum,cover_vs_stego,00599.png,print-diffs,cover,stego,data/baseline/2/results_raw/spread_spectrum/cover/00599.png,data/baseline/2/results_raw/spread_spectrum/stego/00599.png,0,0.954714298248291,data/baseline/2/aletheia_outputs/logs/spread_spectrum_cover_vs_stego_00599_print-diffs_stdout.txt,data/baseline/2/aletheia_outputs/logs/spread_spectrum_cover_vs_stego_00599_print-diffs_stderr.txt
spread_spectrum,cover_vs_stego,00699.png,print-diffs,cover,stego,data/baseline/2/results_raw/spread_spectrum/cover/00699.png,data/baseline/2/results_raw/spread_spectrum/stego/00699.png,0,0.9262106418609619,data/baseline/2/aletheia_outputs/logs/spread_spectrum_cover_vs_stego_00699_print-diffs_stdout.txt,data/baseline/2/aletheia_outputs/logs/spread_spectrum_cover_vs_stego_00699_print-diffs_stderr.txt
spread_spectrum,cover_vs_stego,00799.png,print-diffs,cover,stego,data/baseline/2/results_raw/spread_spectrum/cover/00799.png,data/baseline/2/results_raw/spread_spectrum/stego/00799.png,0,0.9212794303894043,data/baseline/2/aletheia_outputs/logs/spread_spectrum_cover_vs_stego_00799_print-diffs_stdout.txt,data/baseline/2/aletheia_outputs/logs/spread_spectrum_cover_vs_stego_00799_print-diffs_stderr.txt
spread_spectrum,cover_vs_stego,00899.png,print-diffs,cover,stego,data/baseline/2/results_raw/spread_spectrum/cover/00899.png,data/baseline/2/results_raw/spread_spectrum/stego/00899.png,0,0.8770768642425537,data/baseline/2/aletheia_outputs/logs/spread_spectrum_cover_vs_stego_00899_print-diffs_stdout.txt,data/baseline/2/aletheia_outputs/logs/spread_spectrum_cover_vs_stego_00899_print-diffs_stderr.txt
spread_spectrum,cover_vs_stego,00999.png,print-diffs,cover,stego,data/baseline/2/results_raw/spread_spectrum/cover/00999.png,data/baseline/2/results_raw/spread_spectrum/stego/00999.png,0,0.9353878498077393,data/baseline/2/aletheia_outputs/logs/spread_spectrum_cover_vs_stego_00999_print-diffs_stdout.txt,data/baseline/2/aletheia_outputs/logs/spread_spectrum_cover_vs_stego_00999_print-diffs_stderr.txt
spread_spectrum,cover_vs_stego,01099.png,print-diffs,cover,stego,data/baseline/2/results_raw/spread_spectrum/cover/01099.png,data/baseline/2/results_raw/spread_spectrum/stego/01099.png,0,0.9349439144134521,data/baseline/2/aletheia_outputs/logs/spread_spectrum_cover_vs_stego_01099_print-diffs_stdout.txt,data/baseline/2/aletheia_outputs/logs/spread_spectrum_cover_vs_stego_01099_print-diffs_stderr.txt
spread_spectrum,cover_vs_stego,01199.png,print-diffs,cover,stego,data/baseline/2/results_raw/spread_spectrum/cover/01199.png,data/baseline/2/results_raw/spread_spectrum/stego/01199.png,0,0.8758525848388672,data/baseline/2/aletheia_outputs/logs/spread_spectrum_cover_vs_stego_01199_print-diffs_stdout.txt,data/baseline/2/aletheia_outputs/logs/spread_spectrum_cover_vs_stego_01199_print-diffs_stderr.txt
spread_spectrum,cover_vs_stego,01299.png,print-diffs,cover,stego,data/baseline/2/results_raw/spread_spectrum/cover/01299.png,data/baseline/2/results_raw/spread_spectrum/stego/01299.png,0,0.8679294586181641,data/baseline/2/aletheia_outputs/logs/spread_spectrum_cover_vs_stego_01299_print-diffs_stdout.txt,data/baseline/2/aletheia_outputs/logs/spread_spectrum_cover_vs_stego_01299_print-diffs_stderr.txt
spread_spectrum,cover_vs_stego,01399.png,print-diffs,cover,stego,data/baseline/2/results_raw/spread_spectrum/cover/01399.png,data/baseline/2/results_raw/spread_spectrum/stego/01399.png,0,0.9431753158569336,data/baseline/2/aletheia_outputs/logs/spread_spectrum_cover_vs_stego_01399_print-diffs_stdout.txt,data/baseline/2/aletheia_outputs/logs/spread_spectrum_cover_vs_stego_01399_print-diffs_stderr.txt
spread_spectrum,cover_vs_stego,01499.png,print-diffs,cover,stego,data/baseline/2/results_raw/spread_spectrum/cover/01499.png,data/baseline/2/results_raw/spread_spectrum/stego/01499.png,0,0.8683521747589111,data/baseline/2/aletheia_outputs/logs/spread_spectrum_cover_vs_stego_01499_print-diffs_stdout.txt,data/baseline/2/aletheia_outputs/logs/spread_spectrum_cover_vs_stego_01499_print-diffs_stderr.txt
spread_spectrum,pre_secret_vs_secret,00099.png,print-diffs,pre_secret,secret,data/baseline/2/results_raw/spread_spectrum/pre_secret/00099.png,data/baseline/2/results_raw/spread_spectrum/secret/00099.png,0,0.9517660140991211,data/baseline/2/aletheia_outputs/logs/spread_spectrum_pre_secret_vs_secret_00099_print-diffs_stdout.txt,data/baseline/2/aletheia_outputs/logs/spread_spectrum_pre_secret_vs_secret_00099_print-diffs_stderr.txt
spread_spectrum,pre_secret_vs_secret,00199.png,print-diffs,pre_secret,secret,data/baseline/2/results_raw/spread_spectrum/pre_secret/00199.png,data/baseline/2/results_raw/spread_spectrum/secret/00199.png,0,0.9363198280334473,data/baseline/2/aletheia_outputs/logs/spread_spectrum_pre_secret_vs_secret_00199_print-diffs_stdout.txt,data/baseline/2/aletheia_outputs/logs/spread_spectrum_pre_secret_vs_secret_00199_print-diffs_stderr.txt
spread_spectrum,pre_secret_vs_secret,00299.png,print-diffs,pre_secret,secret,data/baseline/2/results_raw/spread_spectrum/pre_secret/00299.png,data/baseline/2/results_raw/spread_spectrum/secret/00299.png,0,0.8950145244598389,data/baseline/2/aletheia_outputs/logs/spread_spectrum_pre_secret_vs_secret_00299_print-diffs_stdout.txt,data/baseline/2/aletheia_outputs/logs/spread_spectrum_pre_secret_vs_secret_00299_print-diffs_stderr.txt
spread_spectrum,pre_secret_vs_secret,00399.png,print-diffs,pre_secret,secret,data/baseline/2/results_raw/spread_spectrum/pre_secret/00399.png,data/baseline/2/results_raw/spread_spectrum/secret/00399.png,0,0.9556849002838135,data/baseline/2/aletheia_outputs/logs/spread_spectrum_pre_secret_vs_secret_00399_print-diffs_stdout.txt,data/baseline/2/aletheia_outputs/logs/spread_spectrum_pre_secret_vs_secret_00399_print-diffs_stderr.txt
spread_spectrum,pre_secret_vs_secret,00499.png,print-diffs,pre_secret,secret,data/baseline/2/results_raw/spread_spectrum/pre_secret/00499.png,data/baseline/2/results_raw/spread_spectrum/secret/00499.png,0,0.8965425491333008,data/baseline/2/aletheia_outputs/logs/spread_spectrum_pre_secret_vs_secret_00499_print-diffs_stdout.txt,data/baseline/2/aletheia_outputs/logs/spread_spectrum_pre_secret_vs_secret_00499_print-diffs_stderr.txt
spread_spectrum,pre_secret_vs_secret,00599.png,print-diffs,pre_secret,secret,data/baseline/2/results_raw/spread_spectrum/pre_secret/00599.png,data/baseline/2/results_raw/spread_spectrum/secret/00599.png,0,0.9804975986480713,data/baseline/2/aletheia_outputs/logs/spread_spectrum_pre_secret_vs_secret_00599_print-diffs_stdout.txt,data/baseline/2/aletheia_outputs/logs/spread_spectrum_pre_secret_vs_secret_00599_print-diffs_stderr.txt
spread_spectrum,pre_secret_vs_secret,00699.png,print-diffs,pre_secret,secret,data/baseline/2/results_raw/spread_spectrum/pre_secret/00699.png,data/baseline/2/results_raw/spread_spectrum/secret/00699.png,0,0.8826892375946045,data/baseline/2/aletheia_outputs/logs/spread_spectrum_pre_secret_vs_secret_00699_print-diffs_stdout.txt,data/baseline/2/aletheia_outputs/logs/spread_spectrum_pre_secret_vs_secret_00699_print-diffs_stderr.txt
spread_spectrum,pre_secret_vs_secret,00799.png,print-diffs,pre_secret,secret,data/baseline/2/results_raw/spread_spectrum/pre_secret/00799.png,data/baseline/2/results_raw/spread_spectrum/secret/00799.png,0,0.9347169399261475,data/baseline/2/aletheia_outputs/logs/spread_spectrum_pre_secret_vs_secret_00799_print-diffs_stdout.txt,data/baseline/2/aletheia_outputs/logs/spread_spectrum_pre_secret_vs_secret_00799_print-diffs_stderr.txt
spread_spectrum,pre_secret_vs_secret,00899.png,print-diffs,pre_secret,secret,data/baseline/2/results_raw/spread_spectrum/pre_secret/00899.png,data/baseline/2/results_raw/spread_spectrum/secret/00899.png,0,0.9231045246124268,data/baseline/2/aletheia_outputs/logs/spread_spectrum_pre_secret_vs_secret_00899_print-diffs_stdout.txt,data/baseline/2/aletheia_outputs/logs/spread_spectrum_pre_secret_vs_secret_00899_print-diffs_stderr.txt
spread_spectrum,pre_secret_vs_secret,00999.png,print-diffs,pre_secret,secret,data/baseline/2/results_raw/spread_spectrum/pre_secret/00999.png,data/baseline/2/results_raw/spread_spectrum/secret/00999.png,0,0.8320841789245605,data/baseline/2/aletheia_outputs/logs/spread_spectrum_pre_secret_vs_secret_00999_print-diffs_stdout.txt,data/baseline/2/aletheia_outputs/logs/spread_spectrum_pre_secret_vs_secret_00999_print-diffs_stderr.txt
spread_spectrum,pre_secret_vs_secret,01099.png,print-diffs,pre_secret,secret,data/baseline/2/results_raw/spread_spectrum/pre_secret/01099.png,data/baseline/2/results_raw/spread_spectrum/secret/01099.png,0,0.9222662448883057,data/baseline/2/aletheia_outputs/logs/spread_spectrum_pre_secret_vs_secret_01099_print-diffs_stdout.txt,data/baseline/2/aletheia_outputs/logs/spread_spectrum_pre_secret_vs_secret_01099_print-diffs_stderr.txt
spread_spectrum,pre_secret_vs_secret,01199.png,print-diffs,pre_secret,secret,data/baseline/2/results_raw/spread_spectrum/pre_secret/01199.png,data/baseline/2/results_raw/spread_spectrum/secret/01199.png,0,0.8893115520477295,data/baseline/2/aletheia_outputs/logs/spread_spectrum_pre_secret_vs_secret_01199_print-diffs_stdout.txt,data/baseline/2/aletheia_outputs/logs/spread_spectrum_pre_secret_vs_secret_01199_print-diffs_stderr.txt
spread_spectrum,pre_secret_vs_secret,01299.png,print-diffs,pre_secret,secret,data/baseline/2/results_raw/spread_spectrum/pre_secret/01299.png,data/baseline/2/results_raw/spread_spectrum/secret/01299.png,0,0.9652481079101562,data/baseline/2/aletheia_outputs/logs/spread_spectrum_pre_secret_vs_secret_01299_print-diffs_stdout.txt,data/baseline/2/aletheia_outputs/logs/spread_spectrum_pre_secret_vs_secret_01299_print-diffs_stderr.txt
spread_spectrum,pre_secret_vs_secret,01399.png,print-diffs,pre_secret,secret,data/baseline/2/results_raw/spread_spectrum/pre_secret/01399.png,data/baseline/2/results_raw/spread_spectrum/secret/01399.png,0,0.9161505699157715,data/baseline/2/aletheia_outputs/logs/spread_spectrum_pre_secret_vs_secret_01399_print-diffs_stdout.txt,data/baseline/2/aletheia_outputs/logs/spread_spectrum_pre_secret_vs_secret_01399_print-diffs_stderr.txt
spread_spectrum,pre_secret_vs_secret,01499.png,print-diffs,pre_secret,secret,data/baseline/2/results_raw/spread_spectrum/pre_secret/01499.png,data/baseline/2/results_raw/spread_spectrum/secret/01499.png,0,0.9197704792022705,data/baseline/2/aletheia_outputs/logs/spread_spectrum_pre_secret_vs_secret_01499_print-diffs_stdout.txt,data/baseline/2/aletheia_outputs/logs/spread_spectrum_pre_secret_vs_secret_01499_print-diffs_stderr.txt
statistical,cover_vs_stego,00099.png,print-diffs,cover,stego,data/baseline/2/results_raw/statistical/cover/00099.png,data/baseline/2/results_raw/statistical/stego/00099.png,0,0.9520697593688965,data/baseline/2/aletheia_outputs/logs/statistical_cover_vs_stego_00099_print-diffs_stdout.txt,data/baseline/2/aletheia_outputs/logs/statistical_cover_vs_stego_00099_print-diffs_stderr.txt
statistical,cover_vs_stego,00199.png,print-diffs,cover,stego,data/baseline/2/results_raw/statistical/cover/00199.png,data/baseline/2/results_raw/statistical/stego/00199.png,0,0.9639272689819336,data/baseline/2/aletheia_outputs/logs/statistical_cover_vs_stego_00199_print-diffs_stdout.txt,data/baseline/2/aletheia_outputs/logs/statistical_cover_vs_stego_00199_print-diffs_stderr.txt
statistical,cover_vs_stego,00299.png,print-diffs,cover,stego,data/baseline/2/results_raw/statistical/cover/00299.png,data/baseline/2/results_raw/statistical/stego/00299.png,0,0.9261820316314697,data/baseline/2/aletheia_outputs/logs/statistical_cover_vs_stego_00299_print-diffs_stdout.txt,data/baseline/2/aletheia_outputs/logs/statistical_cover_vs_stego_00299_print-diffs_stderr.txt
statistical,cover_vs_stego,00399.png,print-diffs,cover,stego,data/baseline/2/results_raw/statistical/cover/00399.png,data/baseline/2/results_raw/statistical/stego/00399.png,0,0.8940589427947998,data/baseline/2/aletheia_outputs/logs/statistical_cover_vs_stego_00399_print-diffs_stdout.txt,data/baseline/2/aletheia_outputs/logs/statistical_cover_vs_stego_00399_print-diffs_stderr.txt
statistical,cover_vs_stego,00499.png,print-diffs,cover,stego,data/baseline/2/results_raw/statistical/cover/00499.png,data/baseline/2/results_raw/statistical/stego/00499.png,0,0.8815538883209229,data/baseline/2/aletheia_outputs/logs/statistical_cover_vs_stego_00499_print-diffs_stdout.txt,data/baseline/2/aletheia_outputs/logs/statistical_cover_vs_stego_00499_print-diffs_stderr.txt
statistical,cover_vs_stego,00599.png,print-diffs,cover,stego,data/baseline/2/results_raw/statistical/cover/00599.png,data/baseline/2/results_raw/statistical/stego/00599.png,0,0.9345483779907227,data/baseline/2/aletheia_outputs/logs/statistical_cover_vs_stego_00599_print-diffs_stdout.txt,data/baseline/2/aletheia_outputs/logs/statistical_cover_vs_stego_00599_print-diffs_stderr.txt
statistical,cover_vs_stego,00699.png,print-diffs,cover,stego,data/baseline/2/results_raw/statistical/cover/00699.png,data/baseline/2/results_raw/statistical/stego/00699.png,0,0.9429686069488525,data/baseline/2/aletheia_outputs/logs/statistical_cover_vs_stego_00699_print-diffs_stdout.txt,data/baseline/2/aletheia_outputs/logs/statistical_cover_vs_stego_00699_print-diffs_stderr.txt
statistical,cover_vs_stego,00799.png,print-diffs,cover,stego,data/baseline/2/results_raw/statistical/cover/00799.png,data/baseline/2/results_raw/statistical/stego/00799.png,0,0.8995063304901123,data/baseline/2/aletheia_outputs/logs/statistical_cover_vs_stego_00799_print-diffs_stdout.txt,data/baseline/2/aletheia_outputs/logs/statistical_cover_vs_stego_00799_print-diffs_stderr.txt
statistical,cover_vs_stego,00899.png,print-diffs,cover,stego,data/baseline/2/results_raw/statistical/cover/00899.png,data/baseline/2/results_raw/statistical/stego/00899.png,0,0.9471571445465088,data/baseline/2/aletheia_outputs/logs/statistical_cover_vs_stego_00899_print-diffs_stdout.txt,data/baseline/2/aletheia_outputs/logs/statistical_cover_vs_stego_00899_print-diffs_stderr.txt
statistical,cover_vs_stego,00999.png,print-diffs,cover,stego,data/baseline/2/results_raw/statistical/cover/00999.png,data/baseline/2/results_raw/statistical/stego/00999.png,0,0.9125957489013672,data/baseline/2/aletheia_outputs/logs/statistical_cover_vs_stego_00999_print-diffs_stdout.txt,data/baseline/2/aletheia_outputs/logs/statistical_cover_vs_stego_00999_print-diffs_stderr.txt
statistical,cover_vs_stego,01099.png,print-diffs,cover,stego,data/baseline/2/results_raw/statistical/cover/01099.png,data/baseline/2/results_raw/statistical/stego/01099.png,0,0.8915395736694336,data/baseline/2/aletheia_outputs/logs/statistical_cover_vs_stego_01099_print-diffs_stdout.txt,data/baseline/2/aletheia_outputs/logs/statistical_cover_vs_stego_01099_print-diffs_stderr.txt
statistical,cover_vs_stego,01199.png,print-diffs,cover,stego,data/baseline/2/results_raw/statistical/cover/01199.png,data/baseline/2/results_raw/statistical/stego/01199.png,0,0.9021308422088623,data/baseline/2/aletheia_outputs/logs/statistical_cover_vs_stego_01199_print-diffs_stdout.txt,data/baseline/2/aletheia_outputs/logs/statistical_cover_vs_stego_01199_print-diffs_stderr.txt
statistical,cover_vs_stego,01299.png,print-diffs,cover,stego,data/baseline/2/results_raw/statistical/cover/01299.png,data/baseline/2/results_raw/statistical/stego/01299.png,0,0.9246654510498047,data/baseline/2/aletheia_outputs/logs/statistical_cover_vs_stego_01299_print-diffs_stdout.txt,data/baseline/2/aletheia_outputs/logs/statistical_cover_vs_stego_01299_print-diffs_stderr.txt
statistical,cover_vs_stego,01399.png,print-diffs,cover,stego,data/baseline/2/results_raw/statistical/cover/01399.png,data/baseline/2/results_raw/statistical/stego/01399.png,0,0.9860231876373291,data/baseline/2/aletheia_outputs/logs/statistical_cover_vs_stego_01399_print-diffs_stdout.txt,data/baseline/2/aletheia_outputs/logs/statistical_cover_vs_stego_01399_print-diffs_stderr.txt
statistical,cover_vs_stego,01499.png,print-diffs,cover,stego,data/baseline/2/results_raw/statistical/cover/01499.png,data/baseline/2/results_raw/statistical/stego/01499.png,0,0.9617853164672852,data/baseline/2/aletheia_outputs/logs/statistical_cover_vs_stego_01499_print-diffs_stdout.txt,data/baseline/2/aletheia_outputs/logs/statistical_cover_vs_stego_01499_print-diffs_stderr.txt
statistical,pre_secret_vs_secret,00099.png,print-diffs,pre_secret,secret,data/baseline/2/results_raw/statistical/pre_secret/00099.png,data/baseline/2/results_raw/statistical/secret/00099.png,0,0.912398099899292,data/baseline/2/aletheia_outputs/logs/statistical_pre_secret_vs_secret_00099_print-diffs_stdout.txt,data/baseline/2/aletheia_outputs/logs/statistical_pre_secret_vs_secret_00099_print-diffs_stderr.txt
statistical,pre_secret_vs_secret,00199.png,print-diffs,pre_secret,secret,data/baseline/2/results_raw/statistical/pre_secret/00199.png,data/baseline/2/results_raw/statistical/secret/00199.png,0,0.8863310813903809,data/baseline/2/aletheia_outputs/logs/statistical_pre_secret_vs_secret_00199_print-diffs_stdout.txt,data/baseline/2/aletheia_outputs/logs/statistical_pre_secret_vs_secret_00199_print-diffs_stderr.txt
statistical,pre_secret_vs_secret,00299.png,print-diffs,pre_secret,secret,data/baseline/2/results_raw/statistical/pre_secret/00299.png,data/baseline/2/results_raw/statistical/secret/00299.png,0,0.9838123321533203,data/baseline/2/aletheia_outputs/logs/statistical_pre_secret_vs_secret_00299_print-diffs_stdout.txt,data/baseline/2/aletheia_outputs/logs/statistical_pre_secret_vs_secret_00299_print-diffs_stderr.txt
statistical,pre_secret_vs_secret,00399.png,print-diffs,pre_secret,secret,data/baseline/2/results_raw/statistical/pre_secret/00399.png,data/baseline/2/results_raw/statistical/secret/00399.png,0,0.8905966281890869,data/baseline/2/aletheia_outputs/logs/statistical_pre_secret_vs_secret_00399_print-diffs_stdout.txt,data/baseline/2/aletheia_outputs/logs/statistical_pre_secret_vs_secret_00399_print-diffs_stderr.txt
statistical,pre_secret_vs_secret,00499.png,print-diffs,pre_secret,secret,data/baseline/2/results_raw/statistical/pre_secret/00499.png,data/baseline/2/results_raw/statistical/secret/00499.png,0,0.874659538269043,data/baseline/2/aletheia_outputs/logs/statistical_pre_secret_vs_secret_00499_print-diffs_stdout.txt,data/baseline/2/aletheia_outputs/logs/statistical_pre_secret_vs_secret_00499_print-diffs_stderr.txt
statistical,pre_secret_vs_secret,00599.png,print-diffs,pre_secret,secret,data/baseline/2/results_raw/statistical/pre_secret/00599.png,data/baseline/2/results_raw/statistical/secret/00599.png,0,0.9115695953369141,data/baseline/2/aletheia_outputs/logs/statistical_pre_secret_vs_secret_00599_print-diffs_stdout.txt,data/baseline/2/aletheia_outputs/logs/statistical_pre_secret_vs_secret_00599_print-diffs_stderr.txt
statistical,pre_secret_vs_secret,00699.png,print-diffs,pre_secret,secret,data/baseline/2/results_raw/statistical/pre_secret/00699.png,data/baseline/2/results_raw/statistical/secret/00699.png,0,0.9105072021484375,data/baseline/2/aletheia_outputs/logs/statistical_pre_secret_vs_secret_00699_print-diffs_stdout.txt,data/baseline/2/aletheia_outputs/logs/statistical_pre_secret_vs_secret_00699_print-diffs_stderr.txt
statistical,pre_secret_vs_secret,00799.png,print-diffs,pre_secret,secret,data/baseline/2/results_raw/statistical/pre_secret/00799.png,data/baseline/2/results_raw/statistical/secret/00799.png,0,0.933678150177002,data/baseline/2/aletheia_outputs/logs/statistical_pre_secret_vs_secret_00799_print-diffs_stdout.txt,data/baseline/2/aletheia_outputs/logs/statistical_pre_secret_vs_secret_00799_print-diffs_stderr.txt
statistical,pre_secret_vs_secret,00899.png,print-diffs,pre_secret,secret,data/baseline/2/results_raw/statistical/pre_secret/00899.png,data/baseline/2/results_raw/statistical/secret/00899.png,0,0.8857884407043457,data/baseline/2/aletheia_outputs/logs/statistical_pre_secret_vs_secret_00899_print-diffs_stdout.txt,data/baseline/2/aletheia_outputs/logs/statistical_pre_secret_vs_secret_00899_print-diffs_stderr.txt
statistical,pre_secret_vs_secret,00999.png,print-diffs,pre_secret,secret,data/baseline/2/results_raw/statistical/pre_secret/00999.png,data/baseline/2/results_raw/statistical/secret/00999.png,0,0.9213104248046875,data/baseline/2/aletheia_outputs/logs/statistical_pre_secret_vs_secret_00999_print-diffs_stdout.txt,data/baseline/2/aletheia_outputs/logs/statistical_pre_secret_vs_secret_00999_print-diffs_stderr.txt
statistical,pre_secret_vs_secret,01099.png,print-diffs,pre_secret,secret,data/baseline/2/results_raw/statistical/pre_secret/01099.png,data/baseline/2/results_raw/statistical/secret/01099.png,0,0.8742153644561768,data/baseline/2/aletheia_outputs/logs/statistical_pre_secret_vs_secret_01099_print-diffs_stdout.txt,data/baseline/2/aletheia_outputs/logs/statistical_pre_secret_vs_secret_01099_print-diffs_stderr.txt
statistical,pre_secret_vs_secret,01199.png,print-diffs,pre_secret,secret,data/baseline/2/results_raw/statistical/pre_secret/01199.png,data/baseline/2/results_raw/statistical/secret/01199.png,0,0.9151363372802734,data/baseline/2/aletheia_outputs/logs/statistical_pre_secret_vs_secret_01199_print-diffs_stdout.txt,data/baseline/2/aletheia_outputs/logs/statistical_pre_secret_vs_secret_01199_print-diffs_stderr.txt
statistical,pre_secret_vs_secret,01299.png,print-diffs,pre_secret,secret,data/baseline/2/results_raw/statistical/pre_secret/01299.png,data/baseline/2/results_raw/statistical/secret/01299.png,0,0.8789758682250977,data/baseline/2/aletheia_outputs/logs/statistical_pre_secret_vs_secret_01299_print-diffs_stdout.txt,data/baseline/2/aletheia_outputs/logs/statistical_pre_secret_vs_secret_01299_print-diffs_stderr.txt
statistical,pre_secret_vs_secret,01399.png,print-diffs,pre_secret,secret,data/baseline/2/results_raw/statistical/pre_secret/01399.png,data/baseline/2/results_raw/statistical/secret/01399.png,0,0.8843269348144531,data/baseline/2/aletheia_outputs/logs/statistical_pre_secret_vs_secret_01399_print-diffs_stdout.txt,data/baseline/2/aletheia_outputs/logs/statistical_pre_secret_vs_secret_01399_print-diffs_stderr.txt
statistical,pre_secret_vs_secret,01499.png,print-diffs,pre_secret,secret,data/baseline/2/results_raw/statistical/pre_secret/01499.png,data/baseline/2/results_raw/statistical/secret/01499.png,0,0.8530294895172119,data/baseline/2/aletheia_outputs/logs/statistical_pre_secret_vs_secret_01499_print-diffs_stdout.txt,data/baseline/2/aletheia_outputs/logs/statistical_pre_secret_vs_secret_01499_print-diffs_stderr.txt
